"","","","2018 [2018]","2018 [2018]","2018 [2018]","2018 [2018]","2019 [2019]","2019 [2019]","2019 [2019]","2019 [2019]","2020 [2020]","2020 [2020]","2020 [2020]","2020 [2020]"
"","","","Unit","Value","Flag Description","Note","Unit","Value","Flag Description","Note","Unit","Value","Flag Description","Note"
"Afghanistan [2]","Value US$ per capita [6119]","Gross Domestic Product [22008]","US$","495.504343","International reliable sources","","US$","496.940553","International reliable sources","","US$","508.453722","International reliable sources",""
"Albania [3]","Value US$ per capita [6119]","Gross Domestic Product [22008]","US$","5,257.650696","International reliable sources","","US$","5,345.602513","International reliable sources","","US$","5,180.914198","International reliable sources",""
"Algeria [4]","Value US$ per capita [6119]","Gross Domestic Product [22008]","US$","4,153.961485","International reliable sources","","US$","3,975.519002","International reliable sources","","US$","3,367.963003","International reliable sources",""
"Andorra [6]","Value US$ per capita [6119]","Gross Domestic Product [22008]","US$","41,794.398572","International reliable sources","","US$","40,900.53859","International reliable sources","","US$","37,072.405384","International reliable sources",""
"Angola [7]","Value US$ per capita [6119]","Gross Domestic Product [22008]","US$","3,289.643374","International reliable sources","","US$","2,809.626403","International reliable sources","","US$","1,895.770703","International reliable sources",""
"Anguilla [258]","Value US$ per capita [6119]","Gross Domestic Product [22008]","US$","21,889.590357","International reliable sources","","US$","25,336.581453","International reliable sources","","US$","17,225.937529","International reliable sources",""
"Antigua and Barbuda [8]","Value US$ per capita [6119]","Gross Domestic Product [22008]","US$","16,678.898744","International reliable sources","","US$","17,376.112907","International reliable sources","","US$","13,993.320179","International reliable sources",""
"Argentina [9]","Value US$ per capita [6119]","Gross Domestic Product [22008]","US$","11,668.47239","International reliable sources","","US$","9,947.264856","International reliable sources","","US$","8,475.729582","International reliable sources",""
"Armenia [1]","Value US$ per capita [6119]","Gross Domestic Product [22008]","US$","4,220.534194","International reliable sources","","US$","4,604.641377","International reliable sources","","US$","4,266.005479","International reliable sources",""
"Aruba [22]","Value US$ per capita [6119]","Gross Domestic Product [22008]","US$","30,253.577818","International reliable sources","","US$","31,136.110954","International reliable sources","","US$","23,385.638671","International reliable sources",""
"Australia [10]","Value US$ per capita [6119]","Gross Domestic Product [22008]","US$","58,596.826341","International reliable sources","","US$","54,763.202388","International reliable sources","","US$","55,822.712845","International reliable sources",""
"Austria [11]","Value US$ per capita [6119]","Gross Domestic Product [22008]","US$","51,192.024455","International reliable sources","","US$","49,693.668783","International reliable sources","","US$","48,105.631983","International reliable sources",""
"Azerbaijan [52]","Value US$ per capita [6119]","Gross Domestic Product [22008]","US$","4,735.14288","International reliable sources","","US$","4,794.54492","International reliable sources","","US$","4,202.232239","International reliable sources",""
"Bahamas [12]","Value US$ per capita [6119]","Gross Domestic Product [22008]","US$","33,289.983591","International reliable sources","","US$","33,799.839641","International reliable sources","","US$","25,194.289197","International reliable sources",""
"Bahrain [13]","Value US$ per capita [6119]","Gross Domestic Product [22008]","US$","23,991.920463","International reliable sources","","US$","23,442.830854","International reliable sources","","US$","19,925.001599","International reliable sources",""
"Bangladesh [16]","Value US$ per capita [6119]","Gross Domestic Product [22008]","US$","1,670.796355","International reliable sources","","US$","1,846.416377","International reliable sources","","US$","2,000.640157","International reliable sources",""
"Barbados [14]","Value US$ per capita [6119]","Gross Domestic Product [22008]","US$","17,872.181579","International reliable sources","","US$","18,458.148245","International reliable sources","","US$","15,449.237002","International reliable sources",""
"Belarus [57]","Value US$ per capita [6119]","Gross Domestic Product [22008]","US$","6,350.731855","International reliable sources","","US$","6,814.152439","International reliable sources","","US$","6,377.055432","International reliable sources",""
"Belgium [255]","Value US$ per capita [6119]","Gross Domestic Product [22008]","US$","47,314.524698","International reliable sources","","US$","46,388.205209","International reliable sources","","US$","45,028.323405","International reliable sources",""
"Belize [23]","Value US$ per capita [6119]","Gross Domestic Product [22008]","US$","4,927.194224","International reliable sources","","US$","4,983.310582","International reliable sources","","US$","3,987.726394","International reliable sources",""
"Benin [53]","Value US$ per capita [6119]","Gross Domestic Product [22008]","US$","1,241.824418","International reliable sources","","US$","1,219.515479","International reliable sources","","US$","1,254.212589","International reliable sources",""
"Bermuda [17]","Value US$ per capita [6119]","Gross Domestic Product [22008]","US$","115,117.725795","International reliable sources","","US$","119,734.313506","International reliable sources","","US$","123,944.906901","International reliable sources",""
"Bhutan [18]","Value US$ per capita [6119]","Gross Domestic Product [22008]","US$","3,243.513335","International reliable sources","","US$","3,316.191236","International reliable sources","","US$","3,217.962935","International reliable sources",""
"Bolivia (Plurinational State of) [19]","Value US$ per capita [6119]","Gross Domestic Product [22008]","US$","3,548.590155","International reliable sources","","US$","3,552.06876","International reliable sources","","US$","3,133.10195","International reliable sources",""
"Bosnia and Herzegovina [80]","Value US$ per capita [6119]","Gross Domestic Product [22008]","US$","6,072.24537","International reliable sources","","US$","6,120.156351","International reliable sources","","US$","6,035.475569","International reliable sources",""
"Botswana [20]","Value US$ per capita [6119]","Gross Domestic Product [22008]","US$","8,279.821655","International reliable sources","","US$","7,970.842173","International reliable sources","","US$","6,710.960147","International reliable sources",""
"Brazil [21]","Value US$ per capita [6119]","Gross Domestic Product [22008]","US$","9,151.381601","International reliable sources","","US$","8,936.360101","International reliable sources","","US$","6,796.844058","International reliable sources",""
"British Virgin Islands [239]","Value US$ per capita [6119]","Gross Domestic Product [22008]","US$","46,368.364539","International reliable sources","","US$","47,913.516184","International reliable sources","","US$","49,357.19308","International reliable sources",""
"Brunei Darussalam [26]","Value US$ per capita [6119]","Gross Domestic Product [22008]","US$","31,627.233053","International reliable sources","","US$","31,086.329196","International reliable sources","","US$","27,436.741515","International reliable sources",""
"Bulgaria [27]","Value US$ per capita [6119]","Gross Domestic Product [22008]","US$","9,410.869005","International reliable sources","","US$","9,844.65467","International reliable sources","","US$","10,058.077407","International reliable sources",""
"Burkina Faso [233]","Value US$ per capita [6119]","Gross Domestic Product [22008]","US$","813.09975","International reliable sources","","US$","786.895614","International reliable sources","","US$","830.925337","International reliable sources",""
"Burundi [29]","Value US$ per capita [6119]","Gross Domestic Product [22008]","US$","296.841911","International reliable sources","","US$","292.139142","International reliable sources","","US$","285.875782","International reliable sources",""
"Cabo Verde [35]","Value US$ per capita [6119]","Gross Domestic Product [22008]","US$","3,616.441531","International reliable sources","","US$","3,603.782576","International reliable sources","","US$","3,064.276546","International reliable sources",""
"Cambodia [115]","Value US$ per capita [6119]","Gross Domestic Product [22008]","US$","1,512.127268","International reliable sources","","US$","1,643.641451","International reliable sources","","US$","1,512.728288","International reliable sources",""
"Cameroon [32]","Value US$ per capita [6119]","Gross Domestic Product [22008]","US$","1,534.491991","International reliable sources","","US$","1,507.450172","International reliable sources","","US$","1,502.328062","International reliable sources",""
"Canada [33]","Value US$ per capita [6119]","Gross Domestic Product [22008]","US$","46,444.396642","International reliable sources","","US$","46,550.335507","International reliable sources","","US$","43,559.710092","International reliable sources",""
"Cayman Islands [36]","Value US$ per capita [6119]","Gross Domestic Product [22008]","US$","86,053.960945","International reliable sources","","US$","91,389.352439","International reliable sources","","US$","95,190.932506","International reliable sources",""
"Central African Republic [37]","Value US$ per capita [6119]","Gross Domestic Product [22008]","US$","475.954444","International reliable sources","","US$","467.673136","International reliable sources","","US$","481.016462","International reliable sources",""
"Chad [39]","Value US$ per capita [6119]","Gross Domestic Product [22008]","US$","734.731831","International reliable sources","","US$","706.825833","International reliable sources","","US$","679.067284","International reliable sources",""
"Chile [40]","Value US$ per capita [6119]","Gross Domestic Product [22008]","US$","15,888.149122","International reliable sources","","US$","14,741.711597","International reliable sources","","US$","13,231.709642","International reliable sources",""
"China [351]","Value US$ per capita [6119]","Gross Domestic Product [22008]","US$","9,968.925552","Calculated data","","US$","10,195.736594","Calculated data","","US$","10,429.630529","Calculated data",""
"China, Hong Kong SAR [96]","Value US$ per capita [6119]","Gross Domestic Product [22008]","US$","49,064.673097","International reliable sources","","US$","49,179.751067","International reliable sources","","US$","46,611.39104","International reliable sources",""
"China, Macao SAR [128]","Value US$ per capita [6119]","Gross Domestic Product [22008]","US$","87,554.217569","International reliable sources","","US$","86,118.106459","International reliable sources","","US$","37,473.753262","International reliable sources",""
"China, mainland [41]","Value US$ per capita [6119]","Gross Domestic Product [22008]","US$","9,732.726567","International reliable sources","","US$","9,959.637355","International reliable sources","","US$","10,228.970558","International reliable sources",""
"Colombia [44]","Value US$ per capita [6119]","Gross Domestic Product [22008]","US$","6,729.584484","International reliable sources","","US$","6,424.979431","International reliable sources","","US$","5,332.77279","International reliable sources",""
"Comoros [45]","Value US$ per capita [6119]","Gross Domestic Product [22008]","US$","1,428.290313","International reliable sources","","US$","1,401.550515","International reliable sources","","US$","1,420.651905","International reliable sources",""
"Congo [46]","Value US$ per capita [6119]","Gross Domestic Product [22008]","US$","2,547.519151","International reliable sources","","US$","2,327.854806","International reliable sources","","US$","1,830.382491","International reliable sources",""
"Cook Islands [47]","Value US$ per capita [6119]","Gross Domestic Product [22008]","US$","20,705.211245","International reliable sources","","US$","20,332.551756","International reliable sources","","US$","16,134.977948","International reliable sources",""
"Costa Rica [48]","Value US$ per capita [6119]","Gross Domestic Product [22008]","US$","12,468.580253","International reliable sources","","US$","12,669.706175","International reliable sources","","US$","12,076.805961","International reliable sources",""
"Croatia [98]","Value US$ per capita [6119]","Gross Domestic Product [22008]","US$","14,976.374623","International reliable sources","","US$","15,070.610877","International reliable sources","","US$","13,934.241955","International reliable sources",""
"Cuba [49]","Value US$ per capita [6119]","Gross Domestic Product [22008]","US$","8,824.203348","International reliable sources","","US$","9,125.879485","International reliable sources","","US$","9,477.852873","International reliable sources",""
"Curaçao [279]","Value US$ per capita [6119]","Gross Domestic Product [22008]","US$","19,218.863309","International reliable sources","","US$","18,980.123691","International reliable sources","","US$","15,819.210502","International reliable sources",""
"Cyprus [50]","Value US$ per capita [6119]","Gross Domestic Product [22008]","US$","29,618.250138","International reliable sources","","US$","29,659.349246","International reliable sources","","US$","28,133.071159","International reliable sources",""
"Czechia [167]","Value US$ per capita [6119]","Gross Domestic Product [22008]","US$","23,341.237818","International reliable sources","","US$","23,621.769604","International reliable sources","","US$","22,910.628937","International reliable sources",""
"Côte d'Ivoire [107]","Value US$ per capita [6119]","Gross Domestic Product [22008]","US$","2,314.03166","International reliable sources","","US$","2,276.340329","International reliable sources","","US$","2,317.925719","International reliable sources",""
"Democratic People's Republic of Korea [116]","Value US$ per capita [6119]","Gross Domestic Product [22008]","US$","687.943178","International reliable sources","","US$","639.55639","International reliable sources","","US$","617.887235","International reliable sources",""
"Democratic Republic of the Congo [250]","Value US$ per capita [6119]","Gross Domestic Product [22008]","US$","560.807362","International reliable sources","","US$","545.216282","International reliable sources","","US$","505.883924","International reliable sources",""
"Denmark [54]","Value US$ per capita [6119]","Gross Domestic Product [22008]","US$","62,036.404698","International reliable sources","","US$","60,216.357595","International reliable sources","","US$","61,476.596929","International reliable sources",""
"Djibouti [72]","Value US$ per capita [6119]","Gross Domestic Product [22008]","US$","3,048.589504","International reliable sources","","US$","3,252.320409","International reliable sources","","US$","3,465.038713","International reliable sources",""
"Dominica [55]","Value US$ per capita [6119]","Gross Domestic Product [22008]","US$","7,745.485101","International reliable sources","","US$","8,516.280039","International reliable sources","","US$","7,037.685311","International reliable sources",""
"Dominican Republic [56]","Value US$ per capita [6119]","Gross Domestic Product [22008]","US$","8,050.649783","International reliable sources","","US$","8,282.123087","International reliable sources","","US$","7,268.188603","International reliable sources",""
"Ecuador [58]","Value US$ per capita [6119]","Gross Domestic Product [22008]","US$","6,295.93503","International reliable sources","","US$","6,222.522862","International reliable sources","","US$","5,600.39152","International reliable sources",""
"Egypt [59]","Value US$ per capita [6119]","Gross Domestic Product [22008]","US$","2,537.512209","International reliable sources","","US$","3,161.324684","International reliable sources","","US$","3,608.842256","International reliable sources",""
"El Salvador [60]","Value US$ per capita [6119]","Gross Domestic Product [22008]","US$","4,052.62157","International reliable sources","","US$","4,167.729159","International reliable sources","","US$","3,798.634701","International reliable sources",""
"Equatorial Guinea [61]","Value US$ per capita [6119]","Gross Domestic Product [22008]","US$","10,005.547947","International reliable sources","","US$","8,419.908202","International reliable sources","","US$","7,143.238102","International reliable sources",""
"Eritrea [178]","Value US$ per capita [6119]","Gross Domestic Product [22008]","US$","580.881171","International reliable sources","","US$","566.711679","International reliable sources","","US$","587.614196","International reliable sources",""
"Estonia [63]","Value US$ per capita [6119]","Gross Domestic Product [22008]","US$","23,047.123715","International reliable sources","","US$","23,419.18198","International reliable sources","","US$","23,105.523391","International reliable sources",""
"Eswatini [209]","Value US$ per capita [6119]","Gross Domestic Product [22008]","US$","4,105.620395","International reliable sources","","US$","3,894.197619","International reliable sources","","US$","3,305.774271","International reliable sources",""
"Ethiopia [238]","Value US$ per capita [6119]","Gross Domestic Product [22008]","US$","734.362795","International reliable sources","","US$","825.865015","International reliable sources","","US$","840.36193","International reliable sources",""
"Fiji [66]","Value US$ per capita [6119]","Gross Domestic Product [22008]","US$","6,317.494796","International reliable sources","","US$","6,175.892917","International reliable sources","","US$","5,013.230983","International reliable sources",""
"Finland [67]","Value US$ per capita [6119]","Gross Domestic Product [22008]","US$","49,925.087042","International reliable sources","","US$","48,585.483016","International reliable sources","","US$","48,685.245393","International reliable sources",""
"France [68]","Value US$ per capita [6119]","Gross Domestic Product [22008]","US$","41,537.642798","International reliable sources","","US$","40,516.996615","International reliable sources","","US$","38,958.603419","International reliable sources",""
"French Polynesia [70]","Value US$ per capita [6119]","Gross Domestic Product [22008]","US$","22,679.087457","International reliable sources","","US$","22,078.072132","International reliable sources","","US$","20,707.452774","International reliable sources",""
"Gabon [74]","Value US$ per capita [6119]","Gross Domestic Product [22008]","US$","7,959.010662","International reliable sources","","US$","7,766.992804","International reliable sources","","US$","6,789.392632","International reliable sources",""
"Gambia [75]","Value US$ per capita [6119]","Gross Domestic Product [22008]","US$","732.727","International reliable sources","","US$","769.198872","International reliable sources","","US$","757.412441","International reliable sources",""
"Georgia [73]","Value US$ per capita [6119]","Gross Domestic Product [22008]","US$","4,396.662602","International reliable sources","","US$","4,372.780604","International reliable sources","","US$","3,983.689756","International reliable sources",""
"Germany [79]","Value US$ per capita [6119]","Gross Domestic Product [22008]","US$","47,847.426197","International reliable sources","","US$","46,557.284069","International reliable sources","","US$","45,908.724713","International reliable sources",""
"Ghana [81]","Value US$ per capita [6119]","Gross Domestic Product [22008]","US$","2,260.113451","International reliable sources","","US$","2,247.149748","International reliable sources","","US$","2,205.526086","International reliable sources",""
"Greece [84]","Value US$ per capita [6119]","Gross Domestic Product [22008]","US$","20,152.490167","International reliable sources","","US$","19,587.057271","International reliable sources","","US$","18,117.070258","International reliable sources",""
"Greenland [85]","Value US$ per capita [6119]","Gross Domestic Product [22008]","US$","53,751.595228","International reliable sources","","US$","52,622.572605","International reliable sources","","US$","55,138.569878","International reliable sources",""
"Grenada [86]","Value US$ per capita [6119]","Gross Domestic Product [22008]","US$","10,466.33079","International reliable sources","","US$","10,834.400864","International reliable sources","","US$","9,272.883756","International reliable sources",""
"Guatemala [89]","Value US$ per capita [6119]","Gross Domestic Product [22008]","US$","4,244.525131","International reliable sources","","US$","4,380.749911","International reliable sources","","US$","4,331.686958","International reliable sources",""
"Guinea [90]","Value US$ per capita [6119]","Gross Domestic Product [22008]","US$","955.111206","International reliable sources","","US$","1,058.143372","International reliable sources","","US$","1,179.48889","International reliable sources",""
"Guinea-Bissau [175]","Value US$ per capita [6119]","Gross Domestic Product [22008]","US$","737.582751","International reliable sources","","US$","688.351615","International reliable sources","","US$","668.190171","International reliable sources",""
"Guyana [91]","Value US$ per capita [6119]","Gross Domestic Product [22008]","US$","6,145.828152","International reliable sources","","US$","6,609.593401","International reliable sources","","US$","6,956.019415","International reliable sources",""
"Haiti [93]","Value US$ per capita [6119]","Gross Domestic Product [22008]","US$","1,422.454485","International reliable sources","","US$","1,243.603856","International reliable sources","","US$","1,359.802536","International reliable sources",""
"Honduras [95]","Value US$ per capita [6119]","Gross Domestic Product [22008]","US$","2,510.320234","International reliable sources","","US$","2,574.352135","International reliable sources","","US$","2,405.734997","International reliable sources",""
"Hungary [97]","Value US$ per capita [6119]","Gross Domestic Product [22008]","US$","16,542.554759","International reliable sources","","US$","16,885.070887","International reliable sources","","US$","16,128.651665","International reliable sources",""
"Iceland [99]","Value US$ per capita [6119]","Gross Domestic Product [22008]","US$","78,010.245395","International reliable sources","","US$","73,319.963204","International reliable sources","","US$","63,644.018266","International reliable sources",""
"India [100]","Value US$ per capita [6119]","Gross Domestic Product [22008]","US$","2,041.440108","International reliable sources","","US$","2,114.982134","International reliable sources","","US$","1,930.971218","International reliable sources",""
"Indonesia [101]","Value US$ per capita [6119]","Gross Domestic Product [22008]","US$","3,893.859673","International reliable sources","","US$","4,135.201528","International reliable sources","","US$","3,869.58852","International reliable sources",""
"Iran (Islamic Republic of) [102]","Value US$ per capita [6119]","Gross Domestic Product [22008]","US$","6,434.769967","International reliable sources","","US$","7,882.788912","International reliable sources","","US$","11,183.274877","International reliable sources",""
"Iraq [103]","Value US$ per capita [6119]","Gross Domestic Product [22008]","US$","5,915.851469","International reliable sources","","US$","5,980.628489","International reliable sources","","US$","4,145.863967","International reliable sources",""
"Ireland [104]","Value US$ per capita [6119]","Gross Domestic Product [22008]","US$","79,905.889623","International reliable sources","","US$","81,745.514055","International reliable sources","","US$","86,250.994153","International reliable sources",""
"Israel [105]","Value US$ per capita [6119]","Gross Domestic Product [22008]","US$","44,579.201478","International reliable sources","","US$","46,709.354884","International reliable sources","","US$","47,033.586547","International reliable sources",""
"Italy [106]","Value US$ per capita [6119]","Gross Domestic Product [22008]","US$","34,504.797951","International reliable sources","","US$","33,185.489321","International reliable sources","","US$","31,238.048346","International reliable sources",""
"Jamaica [109]","Value US$ per capita [6119]","Gross Domestic Product [22008]","US$","5,360.004186","International reliable sources","","US$","5,369.49283","International reliable sources","","US$","4,664.519718","International reliable sources",""
"Japan [110]","Value US$ per capita [6119]","Gross Domestic Product [22008]","US$","39,597.523136","International reliable sources","","US$","40,586.234684","International reliable sources","","US$","39,989.725509","International reliable sources",""
"Jordan [112]","Value US$ per capita [6119]","Gross Domestic Product [22008]","US$","4,308.18107","International reliable sources","","US$","4,405.480596","International reliable sources","","US$","4,282.721671","International reliable sources",""
"Kazakhstan [108]","Value US$ per capita [6119]","Gross Domestic Product [22008]","US$","9,789.504209","International reliable sources","","US$","9,792.622196","International reliable sources","","US$","9,111.410501","International reliable sources",""
"Kenya [114]","Value US$ per capita [6119]","Gross Domestic Product [22008]","US$","1,794.09181","International reliable sources","","US$","1,912.6233","International reliable sources","","US$","1,878.581192","International reliable sources",""
"Kiribati [83]","Value US$ per capita [6119]","Gross Domestic Product [22008]","US$","1,693.864554","International reliable sources","","US$","1,512.972242","International reliable sources","","US$","1,514.569464","International reliable sources",""
"Kuwait [118]","Value US$ per capita [6119]","Gross Domestic Product [22008]","US$","33,403.900872","International reliable sources","","US$","32,371.986172","International reliable sources","","US$","24,809.039629","International reliable sources",""
"Kyrgyzstan [113]","Value US$ per capita [6119]","Gross Domestic Product [22008]","US$","1,312.034714","International reliable sources","","US$","1,382.672572","International reliable sources","","US$","1,185.730193","International reliable sources",""
"Lao People's Democratic Republic [120]","Value US$ per capita [6119]","Gross Domestic Product [22008]","US$","2,569.092464","International reliable sources","","US$","2,613.945064","International reliable sources","","US$","2,622.75764","International reliable sources",""
"Latvia [119]","Value US$ per capita [6119]","Gross Domestic Product [22008]","US$","17,853.126997","International reliable sources","","US$","17,993.397026","International reliable sources","","US$","17,870.510316","International reliable sources",""
"Lebanon [121]","Value US$ per capita [6119]","Gross Domestic Product [22008]","US$","8,058.444337","International reliable sources","","US$","7,811.922381","International reliable sources","","US$","9,310.161925","International reliable sources",""
"Lesotho [122]","Value US$ per capita [6119]","Gross Domestic Product [22008]","US$","1,191.852337","International reliable sources","","US$","1,154.539933","International reliable sources","","US$","1,061.265715","International reliable sources",""
"Liberia [123]","Value US$ per capita [6119]","Gross Domestic Product [22008]","US$","569.614477","International reliable sources","","US$","522.999168","International reliable sources","","US$","490.519124","International reliable sources",""
"Libya [124]","Value US$ per capita [6119]","Gross Domestic Product [22008]","US$","11,414.305512","International reliable sources","","US$","8,827.836565","International reliable sources","","US$","4,242.767174","International reliable sources",""
"Liechtenstein [125]","Value US$ per capita [6119]","Gross Domestic Product [22008]","US$","180,407.852034","International reliable sources","","US$","175,811.169745","International reliable sources","","US$","180,227.131992","International reliable sources",""
"Lithuania [126]","Value US$ per capita [6119]","Gross Domestic Product [22008]","US$","19,188.092185","International reliable sources","","US$","19,820.569598","International reliable sources","","US$","20,771.84218","International reliable sources",""
"Luxembourg [256]","Value US$ per capita [6119]","Gross Domestic Product [22008]","US$","117,973.701723","International reliable sources","","US$","114,004.238058","International reliable sources","","US$","117,181.646629","International reliable sources",""
"Madagascar [129]","Value US$ per capita [6119]","Gross Domestic Product [22008]","US$","523.945979","International reliable sources","","US$","522.989511","International reliable sources","","US$","469.766309","International reliable sources",""
"Malawi [130]","Value US$ per capita [6119]","Gross Domestic Product [22008]","US$","544.394114","International reliable sources","","US$","598.329222","International reliable sources","","US$","614.867605","International reliable sources",""
"Malaysia [131]","Value US$ per capita [6119]","Gross Domestic Product [22008]","US$","11,377.569225","International reliable sources","","US$","11,414.290367","International reliable sources","","US$","10,401.793199","International reliable sources",""
"Maldives [132]","Value US$ per capita [6119]","Gross Domestic Product [22008]","US$","10,279.23134","International reliable sources","","US$","10,561.664288","International reliable sources","","US$","6,924.093847","International reliable sources",""
"Mali [133]","Value US$ per capita [6119]","Gross Domestic Product [22008]","US$","894.805125","International reliable sources","","US$","879.12139","International reliable sources","","US$","855.863188","International reliable sources",""
"Malta [134]","Value US$ per capita [6119]","Gross Domestic Product [22008]","US$","34,896.726122","International reliable sources","","US$","35,710.558628","International reliable sources","","US$","33,770.790122","International reliable sources",""
"Marshall Islands [127]","Value US$ per capita [6119]","Gross Domestic Product [22008]","US$","3,797.001524","International reliable sources","","US$","4,076.159786","International reliable sources","","US$","4,130.1309","International reliable sources",""
"Mauritania [136]","Value US$ per capita [6119]","Gross Domestic Product [22008]","US$","1,669.773097","International reliable sources","","US$","1,743.302088","International reliable sources","","US$","1,702.487691","International reliable sources",""
"Mauritius [137]","Value US$ per capita [6119]","Gross Domestic Product [22008]","US$","11,191.680901","International reliable sources","","US$","11,062.58346","International reliable sources","","US$","8,586.942672","International reliable sources",""
"Mexico [138]","Value US$ per capita [6119]","Gross Domestic Product [22008]","US$","9,686.492811","International reliable sources","","US$","9,946.016618","International reliable sources","","US$","8,325.571218","International reliable sources",""
"Micronesia (Federated States of) [145]","Value US$ per capita [6119]","Gross Domestic Product [22008]","US$","3,568.290829","International reliable sources","","US$","3,585.297193","International reliable sources","","US$","3,499.863219","International reliable sources",""
"Monaco [140]","Value US$ per capita [6119]","Gross Domestic Product [22008]","US$","185,986.077868","International reliable sources","","US$","189,506.773412","International reliable sources","","US$","173,695.772381","International reliable sources",""
"Mongolia [141]","Value US$ per capita [6119]","Gross Domestic Product [22008]","US$","4,134.973764","International reliable sources","","US$","4,339.843236","International reliable sources","","US$","4,007.31128","International reliable sources",""
"Montenegro [273]","Value US$ per capita [6119]","Gross Domestic Product [22008]","US$","8,771.63114","International reliable sources","","US$","8,825.313988","International reliable sources","","US$","7,625.722017","International reliable sources",""
"Montserrat [142]","Value US$ per capita [6119]","Gross Domestic Product [22008]","US$","12,589.47712","International reliable sources","","US$","13,134.822536","International reliable sources","","US$","13,523.118471","International reliable sources",""
"Morocco [143]","Value US$ per capita [6119]","Gross Domestic Product [22008]","US$","3,277.800997","International reliable sources","","US$","3,286.671864","International reliable sources","","US$","3,108.175374","International reliable sources",""
"Mozambique [144]","Value US$ per capita [6119]","Gross Domestic Product [22008]","US$","503.302094","International reliable sources","","US$","506.817256","International reliable sources","","US$","448.843891","International reliable sources",""
"Myanmar [28]","Value US$ per capita [6119]","Gross Domestic Product [22008]","US$","1,370.685748","International reliable sources","","US$","1,374.375238","International reliable sources","","US$","1,291.748968","International reliable sources",""
"Namibia [147]","Value US$ per capita [6119]","Gross Domestic Product [22008]","US$","5,587.965592","International reliable sources","","US$","5,037.229138","International reliable sources","","US$","4,215.170141","International reliable sources",""
"Nauru [148]","Value US$ per capita [6119]","Gross Domestic Product [22008]","US$","12,952.541727","International reliable sources","","US$","12,350.926128","International reliable sources","","US$","12,510.366256","International reliable sources",""
"Nepal [149]","Value US$ per capita [6119]","Gross Domestic Product [22008]","US$","1,129.421023","International reliable sources","","US$","1,197.825921","International reliable sources","","US$","1,135.287957","International reliable sources",""
"Netherlands [150]","Value US$ per capita [6119]","Gross Domestic Product [22008]","US$","53,579.543563","International reliable sources","","US$","53,236.674668","International reliable sources","","US$","53,333.657572","International reliable sources",""
"New Caledonia [153]","Value US$ per capita [6119]","Gross Domestic Product [22008]","US$","35,168.451654","International reliable sources","","US$","33,379.763021","International reliable sources","","US$","34,006.325197","International reliable sources",""
"New Zealand [156]","Value US$ per capita [6119]","Gross Domestic Product [22008]","US$","44,686.328722","International reliable sources","","US$","44,622.989778","International reliable sources","","US$","43,972.130573","International reliable sources",""
"Nicaragua [157]","Value US$ per capita [6119]","Gross Domestic Product [22008]","US$","2,014.572705","International reliable sources","","US$","1,926.697992","International reliable sources","","US$","1,905.255197","International reliable sources",""
"Niger [158]","Value US$ per capita [6119]","Gross Domestic Product [22008]","US$","570.724245","International reliable sources","","US$","554.099699","International reliable sources","","US$","567.669697","International reliable sources",""
"Nigeria [159]","Value US$ per capita [6119]","Gross Domestic Product [22008]","US$","2,153.526494","International reliable sources","","US$","2,361.206967","International reliable sources","","US$","2,085.474061","International reliable sources",""
"North Macedonia [154]","Value US$ per capita [6119]","Gross Domestic Product [22008]","US$","6,088.972568","International reliable sources","","US$","6,022.218418","International reliable sources","","US$","5,886.461037","International reliable sources",""
"Norway [162]","Value US$ per capita [6119]","Gross Domestic Product [22008]","US$","81,866.392565","International reliable sources","","US$","75,389.62274","International reliable sources","","US$","66,870.730726","International reliable sources",""
"Oman [221]","Value US$ per capita [6119]","Gross Domestic Product [22008]","US$","16,521.216491","International reliable sources","","US$","15,343.062004","International reliable sources","","US$","12,408.89814","International reliable sources",""
"Pakistan [165]","Value US$ per capita [6119]","Gross Domestic Product [22008]","US$","1,338.888168","International reliable sources","","US$","1,168.643097","International reliable sources","","US$","1,167.216496","International reliable sources",""
"Palau [180]","Value US$ per capita [6119]","Gross Domestic Product [22008]","US$","15,934.060367","International reliable sources","","US$","15,572.490338","International reliable sources","","US$","14,566.909639","International reliable sources",""
"Palestine [299]","Value US$ per capita [6119]","Gross Domestic Product [22008]","US$","3,347.043037","International reliable sources","","US$","3,439.481112","International reliable sources","","US$","3,050.389559","International reliable sources",""
"Panama [166]","Value US$ per capita [6119]","Gross Domestic Product [22008]","US$","15,544.723394","International reliable sources","","US$","15,727.970387","International reliable sources","","US$","12,269.045876","International reliable sources",""
"Papua New Guinea [168]","Value US$ per capita [6119]","Gross Domestic Product [22008]","US$","2,813.728172","International reliable sources","","US$","2,829.139144","International reliable sources","","US$","2,639.883175","International reliable sources",""
"Paraguay [169]","Value US$ per capita [6119]","Gross Domestic Product [22008]","US$","5,782.787088","International reliable sources","","US$","5,380.965632","International reliable sources","","US$","4,949.74413","International reliable sources",""
"Peru [170]","Value US$ per capita [6119]","Gross Domestic Product [22008]","US$","6,957.788787","International reliable sources","","US$","7,027.686705","International reliable sources","","US$","6,162.698252","International reliable sources",""
"Philippines [171]","Value US$ per capita [6119]","Gross Domestic Product [22008]","US$","3,252.108424","International reliable sources","","US$","3,485.342237","International reliable sources","","US$","3,298.830062","International reliable sources",""
"Poland [173]","Value US$ per capita [6119]","Gross Domestic Product [22008]","US$","15,490.094258","International reliable sources","","US$","15,764.572193","International reliable sources","","US$","15,764.10583","International reliable sources",""
"Portugal [174]","Value US$ per capita [6119]","Gross Domestic Product [22008]","US$","23,626.029325","International reliable sources","","US$","23,467.879341","International reliable sources","","US$","22,413.039839","International reliable sources",""
"Puerto Rico [177]","Value US$ per capita [6119]","Gross Domestic Product [22008]","US$","33,203.425718","International reliable sources","","US$","35,765.430516","International reliable sources","","US$","36,051.590208","International reliable sources",""
"Qatar [179]","Value US$ per capita [6119]","Gross Domestic Product [22008]","US$","65,907.948433","International reliable sources","","US$","62,088.061828","International reliable sources","","US$","50,814.93445","International reliable sources",""
"Republic of Korea [117]","Value US$ per capita [6119]","Gross Domestic Product [22008]","US$","33,705.256943","International reliable sources","","US$","32,234.507491","International reliable sources","","US$","31,946.982511","International reliable sources",""
"Republic of Moldova [146]","Value US$ per capita [6119]","Gross Domestic Product [22008]","US$","2,827.641046","International reliable sources","","US$","2,960.812844","International reliable sources","","US$","2,953.510884","International reliable sources",""
"Romania [183]","Value US$ per capita [6119]","Gross Domestic Product [22008]","US$","12,378.497435","International reliable sources","","US$","12,903.993529","International reliable sources","","US$","12,928.580656","International reliable sources",""
"Russian Federation [185]","Value US$ per capita [6119]","Gross Domestic Product [22008]","US$","11,372.277988","International reliable sources","","US$","11,567.996132","International reliable sources","","US$","10,165.505967","International reliable sources",""
"Rwanda [184]","Value US$ per capita [6119]","Gross Domestic Product [22008]","US$","783.71435","International reliable sources","","US$","820.267328","International reliable sources","","US$","797.705403","International reliable sources",""
"Saint Kitts and Nevis [188]","Value US$ per capita [6119]","Gross Domestic Product [22008]","US$","19,275.418513","International reliable sources","","US$","19,777.580052","International reliable sources","","US$","17,433.633186","International reliable sources",""
"Saint Lucia [189]","Value US$ per capita [6119]","Gross Domestic Product [22008]","US$","11,353.770299","International reliable sources","","US$","11,591.403209","International reliable sources","","US$","8,804.664206","International reliable sources",""
"Saint Vincent and the Grenadines [191]","Value US$ per capita [6119]","Gross Domestic Product [22008]","US$","7,361.334168","International reliable sources","","US$","7,457.509504","International reliable sources","","US$","7,298.372827","International reliable sources",""
"Samoa [244]","Value US$ per capita [6119]","Gross Domestic Product [22008]","US$","4,256.22461","International reliable sources","","US$","4,298.591718","International reliable sources","","US$","3,889.997362","International reliable sources",""
"San Marino [192]","Value US$ per capita [6119]","Gross Domestic Product [22008]","US$","48,996.723516","International reliable sources","","US$","47,732.772009","International reliable sources","","US$","45,832.199048","International reliable sources",""
"Sao Tome and Principe [193]","Value US$ per capita [6119]","Gross Domestic Product [22008]","US$","1,968.249856","International reliable sources","","US$","2,002.423257","International reliable sources","","US$","2,174.047918","International reliable sources",""
"Saudi Arabia [194]","Value US$ per capita [6119]","Gross Domestic Product [22008]","US$","23,337.019971","International reliable sources","","US$","23,139.798657","International reliable sources","","US$","20,110.315319","International reliable sources",""
"Senegal [195]","Value US$ per capita [6119]","Gross Domestic Product [22008]","US$","1,458.069294","International reliable sources","","US$","1,430.148051","International reliable sources","","US$","1,457.990727","International reliable sources",""
"Serbia [272]","Value US$ per capita [6119]","Gross Domestic Product [22008]","US$","7,214.957802","International reliable sources","","US$","7,364.953767","International reliable sources","","US$","7,655.695885","International reliable sources",""
"Seychelles [196]","Value US$ per capita [6119]","Gross Domestic Product [22008]","US$","15,940.238604","International reliable sources","","US$","16,194.858316","International reliable sources","","US$","10,766.786689","International reliable sources",""
"Sierra Leone [197]","Value US$ per capita [6119]","Gross Domestic Product [22008]","US$","533.99146","International reliable sources","","US$","527.533632","International reliable sources","","US$","474.692062","International reliable sources",""
"Singapore [200]","Value US$ per capita [6119]","Gross Domestic Product [22008]","US$","65,300.910137","International reliable sources","","US$","64,503.102111","International reliable sources","","US$","58,114.245347","International reliable sources",""
"Sint Maarten (Dutch part) [280]","Value US$ per capita [6119]","Gross Domestic Product [22008]","US$","23,355.322648","International reliable sources","","US$","25,569.490931","International reliable sources","","US$","20,000.092719","International reliable sources",""
"Slovakia [199]","Value US$ per capita [6119]","Gross Domestic Product [22008]","US$","19,367.783123","International reliable sources","","US$","19,293.407518","International reliable sources","","US$","19,263.637523","International reliable sources",""
"Slovenia [198]","Value US$ per capita [6119]","Gross Domestic Product [22008]","US$","26,067.295796","International reliable sources","","US$","26,064.403987","International reliable sources","","US$","25,777.396719","International reliable sources",""
"Solomon Islands [25]","Value US$ per capita [6119]","Gross Domestic Product [22008]","US$","2,411.89837","International reliable sources","","US$","2,344.134222","International reliable sources","","US$","2,250.563757","International reliable sources",""
"Somalia [201]","Value US$ per capita [6119]","Gross Domestic Product [22008]","US$","111.408564","International reliable sources","","US$","118.605674","International reliable sources","","US$","117.858871","International reliable sources",""
"South Africa [202]","Value US$ per capita [6119]","Gross Domestic Product [22008]","US$","6,369.231608","International reliable sources","","US$","6,001.389576","International reliable sources","","US$","5,094.384038","International reliable sources",""
"South Sudan [277]","Value US$ per capita [6119]","Gross Domestic Product [22008]","US$","737.38074","International reliable sources","","US$","1,486.36853","International reliable sources","","US$","1,420.710434","International reliable sources",""
"Spain [203]","Value US$ per capita [6119]","Gross Domestic Product [22008]","US$","30,432.794294","International reliable sources","","US$","29,806.208566","International reliable sources","","US$","27,408.6349","International reliable sources",""
"Sri Lanka [38]","Value US$ per capita [6119]","Gross Domestic Product [22008]","US$","4,143.579418","International reliable sources","","US$","3,938.847521","International reliable sources","","US$","3,767.606655","International reliable sources",""
"Sudan [276]","Value US$ per capita [6119]","Gross Domestic Product [22008]","US$","1,156.977945","International reliable sources","","US$","815.060101","International reliable sources","","US$","1,415.243448","International reliable sources",""
"Suriname [207]","Value US$ per capita [6119]","Gross Domestic Product [22008]","US$","6,547.736923","International reliable sources","","US$","6,840.885162","International reliable sources","","US$","7,022.767223","International reliable sources",""
"Sweden [210]","Value US$ per capita [6119]","Gross Domestic Product [22008]","US$","55,703.523482","International reliable sources","","US$","53,194.436877","International reliable sources","","US$","53,574.552637","International reliable sources",""
"Switzerland [211]","Value US$ per capita [6119]","Gross Domestic Product [22008]","US$","86,274.086579","International reliable sources","","US$","85,169.060062","International reliable sources","","US$","86,918.648293","International reliable sources",""
"Syrian Arab Republic [212]","Value US$ per capita [6119]","Gross Domestic Product [22008]","US$","1,303.775531","International reliable sources","","US$","1,558.084651","International reliable sources","","US$","889.815247","International reliable sources",""
"Tajikistan [208]","Value US$ per capita [6119]","Gross Domestic Product [22008]","US$","853.218444","International reliable sources","","US$","890.547995","International reliable sources","","US$","838.451016","International reliable sources",""
"Thailand [216]","Value US$ per capita [6119]","Gross Domestic Product [22008]","US$","7,296.876574","International reliable sources","","US$","7,817.008104","International reliable sources","","US$","7,189.047989","International reliable sources",""
"Timor-Leste [176]","Value US$ per capita [6119]","Gross Domestic Product [22008]","US$","1,249.139354","International reliable sources","","US$","1,583.714827","International reliable sources","","US$","1,442.727467","International reliable sources",""
"Togo [217]","Value US$ per capita [6119]","Gross Domestic Product [22008]","US$","883.943315","International reliable sources","","US$","853.009121","International reliable sources","","US$","863.14473","International reliable sources",""
"Tonga [219]","Value US$ per capita [6119]","Gross Domestic Product [22008]","US$","4,649.844824","International reliable sources","","US$","4,865.492154","International reliable sources","","US$","4,646.106308","International reliable sources",""
"Trinidad and Tobago [220]","Value US$ per capita [6119]","Gross Domestic Product [22008]","US$","17,139.281653","International reliable sources","","US$","17,123.284319","International reliable sources","","US$","15,285.973254","International reliable sources",""
"Tunisia [222]","Value US$ per capita [6119]","Gross Domestic Product [22008]","US$","3,438.848968","International reliable sources","","US$","3,351.535945","International reliable sources","","US$","3,318.333356","International reliable sources",""
"Turkey [223]","Value US$ per capita [6119]","Gross Domestic Product [22008]","US$","9,454.407119","International reliable sources","","US$","9,121.483249","International reliable sources","","US$","8,538.131926","International reliable sources",""
"Turkmenistan [213]","Value US$ per capita [6119]","Gross Domestic Product [22008]","US$","6,544.670362","International reliable sources","","US$","7,314.041637","International reliable sources","","US$","7,103.921926","International reliable sources",""
"Turks and Caicos Islands [224]","Value US$ per capita [6119]","Gross Domestic Product [22008]","US$","29,554.70596","International reliable sources","","US$","31,353.329318","International reliable sources","","US$","23,880.543431","International reliable sources",""
"Tuvalu [227]","Value US$ per capita [6119]","Gross Domestic Product [22008]","US$","4,180.37128","International reliable sources","","US$","4,652.228544","International reliable sources","","US$","4,648.342104","International reliable sources",""
"Uganda [226]","Value US$ per capita [6119]","Gross Domestic Product [22008]","US$","797.249547","International reliable sources","","US$","852.014968","International reliable sources","","US$","846.116481","International reliable sources",""
"Ukraine [230]","Value US$ per capita [6119]","Gross Domestic Product [22008]","US$","2,958.491927","International reliable sources","","US$","3,498.90483","International reliable sources","","US$","3,557.477356","International reliable sources",""
"United Arab Emirates [225]","Value US$ per capita [6119]","Gross Domestic Product [22008]","US$","43,839.356349","International reliable sources","","US$","42,701.429934","International reliable sources","","US$","36,284.547906","International reliable sources",""
"United Kingdom of Great Britain and Northern Ireland [229]","Value US$ per capita [6119]","Gross Domestic Product [22008]","US$","43,204.03168","International reliable sources","","US$","42,627.966539","International reliable sources","","US$","40,718.221814","International reliable sources",""
"United Republic of Tanzania [215]","Value US$ per capita [6119]","Gross Domestic Product [22008]","US$","1,041.035526","International reliable sources","","US$","1,083.217052","International reliable sources","","US$","1,112.647575","International reliable sources",""
"United States of America [231]","Value US$ per capita [6119]","Gross Domestic Product [22008]","US$","62,755.711992","International reliable sources","","US$","64,949.439748","International reliable sources","","US$","63,122.594145","International reliable sources",""
"Uruguay [234]","Value US$ per capita [6119]","Gross Domestic Product [22008]","US$","18,703.91277","International reliable sources","","US$","17,688.012221","International reliable sources","","US$","15,438.401395","International reliable sources",""
"Uzbekistan [235]","Value US$ per capita [6119]","Gross Domestic Product [22008]","US$","1,551.676137","International reliable sources","","US$","1,750.258925","International reliable sources","","US$","1,724.187748","International reliable sources",""
"Vanuatu [155]","Value US$ per capita [6119]","Gross Domestic Product [22008]","US$","3,125.260145","International reliable sources","","US$","3,115.357712","International reliable sources","","US$","2,783.029644","International reliable sources",""
"Venezuela (Bolivarian Republic of) [236]","Value US$ per capita [6119]","Gross Domestic Product [22008]","US$","7,063.484955","International reliable sources","","US$","5,264.842747","International reliable sources","","US$","3,740.287361","International reliable sources",""
"Viet Nam [237]","Value US$ per capita [6119]","Gross Domestic Product [22008]","US$","2,566.447346","International reliable sources","","US$","2,715.275874","International reliable sources","","US$","2,785.724225","International reliable sources",""
"Yemen [249]","Value US$ per capita [6119]","Gross Domestic Product [22008]","US$","803.648964","International reliable sources","","US$","865.726138","International reliable sources","","US$","937.382745","International reliable sources",""
"Zambia [251]","Value US$ per capita [6119]","Gross Domestic Product [22008]","US$","1,516.391628","International reliable sources","","US$","1,305.06026","International reliable sources","","US$","985.132788","International reliable sources",""
"Zimbabwe [181]","Value US$ per capita [6119]","Gross Domestic Product [22008]","US$","1,683.765768","International reliable sources","","US$","1,497.738092","International reliable sources","","US$","1,465.845054","International reliable sources",""
"","","","","","","","","","","","","","",""
"","","","","","","","","","","","","","",""
