,title,pubdate,description
256,MISSING: Dulce Maria Alavez, 23 May 2022 ,"256    256    <![CDATA[When 5-year-old Dulce Maria Al...
255    256    <![CDATA[When 5-year-old Dulce Maria Al...
254    256    <![CDATA[When 5-year-old Dulce Maria Al...
253    256    <![CDATA[When 5-year-old Dulce Maria Al...
252    256    <![CDATA[When 5-year-old Dulce Maria Al...
                             ...                        
5      256    <![CDATA[When 5-year-old Dulce Maria Al...
4      256    <![CDATA[When 5-year-old Dulce Maria Al...
3      256    <![CDATA[When 5-year-old Dulce Maria Al...
2      256    <![CDATA[When 5-year-old Dulce Maria Al...
1      256    <![CDATA[When 5-year-old Dulce Maria Al...
Name: description, Length: 256, dtype: object"
255,DESAPARECIDA: Dulce Maria Alavez, 23 May 2022 ,"256    256    <![CDATA[When 5-year-old Dulce Maria Al...
255    256    <![CDATA[When 5-year-old Dulce Maria Al...
254    256    <![CDATA[When 5-year-old Dulce Maria Al...
253    256    <![CDATA[When 5-year-old Dulce Maria Al...
252    256    <![CDATA[When 5-year-old Dulce Maria Al...
                             ...                        
5      256    <![CDATA[When 5-year-old Dulce Maria Al...
4      256    <![CDATA[When 5-year-old Dulce Maria Al...
3      256    <![CDATA[When 5-year-old Dulce Maria Al...
2      256    <![CDATA[When 5-year-old Dulce Maria Al...
1      256    <![CDATA[When 5-year-old Dulce Maria Al...
Name: description, Length: 256, dtype: object"
254,SERIAL KILLER: The Freeway Phantom, 16 May 2022 ,"256    256    <![CDATA[When 5-year-old Dulce Maria Al...
255    256    <![CDATA[When 5-year-old Dulce Maria Al...
254    256    <![CDATA[When 5-year-old Dulce Maria Al...
253    256    <![CDATA[When 5-year-old Dulce Maria Al...
252    256    <![CDATA[When 5-year-old Dulce Maria Al...
                             ...                        
5      256    <![CDATA[When 5-year-old Dulce Maria Al...
4      256    <![CDATA[When 5-year-old Dulce Maria Al...
3      256    <![CDATA[When 5-year-old Dulce Maria Al...
2      256    <![CDATA[When 5-year-old Dulce Maria Al...
1      256    <![CDATA[When 5-year-old Dulce Maria Al...
Name: description, Length: 256, dtype: object"
253,MYSTERIOUS DEATH OF: John Welles, 13 May 2022 ,"256    256    <![CDATA[When 5-year-old Dulce Maria Al...
255    256    <![CDATA[When 5-year-old Dulce Maria Al...
254    256    <![CDATA[When 5-year-old Dulce Maria Al...
253    256    <![CDATA[When 5-year-old Dulce Maria Al...
252    256    <![CDATA[When 5-year-old Dulce Maria Al...
                             ...                        
5      256    <![CDATA[When 5-year-old Dulce Maria Al...
4      256    <![CDATA[When 5-year-old Dulce Maria Al...
3      256    <![CDATA[When 5-year-old Dulce Maria Al...
2      256    <![CDATA[When 5-year-old Dulce Maria Al...
1      256    <![CDATA[When 5-year-old Dulce Maria Al...
Name: description, Length: 256, dtype: object"
252,PRECEDENT: Polly Klaas, 9 May 2022 0,"256    256    <![CDATA[When 5-year-old Dulce Maria Al...
255    256    <![CDATA[When 5-year-old Dulce Maria Al...
254    256    <![CDATA[When 5-year-old Dulce Maria Al...
253    256    <![CDATA[When 5-year-old Dulce Maria Al...
252    256    <![CDATA[When 5-year-old Dulce Maria Al...
                             ...                        
5      256    <![CDATA[When 5-year-old Dulce Maria Al...
4      256    <![CDATA[When 5-year-old Dulce Maria Al...
3      256    <![CDATA[When 5-year-old Dulce Maria Al...
2      256    <![CDATA[When 5-year-old Dulce Maria Al...
1      256    <![CDATA[When 5-year-old Dulce Maria Al...
Name: description, Length: 256, dtype: object"
251,Important Message, 3 May 2022 2,"256    256    <![CDATA[When 5-year-old Dulce Maria Al...
255    256    <![CDATA[When 5-year-old Dulce Maria Al...
254    256    <![CDATA[When 5-year-old Dulce Maria Al...
253    256    <![CDATA[When 5-year-old Dulce Maria Al...
252    256    <![CDATA[When 5-year-old Dulce Maria Al...
                             ...                        
5      256    <![CDATA[When 5-year-old Dulce Maria Al...
4      256    <![CDATA[When 5-year-old Dulce Maria Al...
3      256    <![CDATA[When 5-year-old Dulce Maria Al...
2      256    <![CDATA[When 5-year-old Dulce Maria Al...
1      256    <![CDATA[When 5-year-old Dulce Maria Al...
Name: description, Length: 256, dtype: object"
250,MISSING: Michelle Eason Part 2, 2 May 2022 0,"256    256    <![CDATA[When 5-year-old Dulce Maria Al...
255    256    <![CDATA[When 5-year-old Dulce Maria Al...
254    256    <![CDATA[When 5-year-old Dulce Maria Al...
253    256    <![CDATA[When 5-year-old Dulce Maria Al...
252    256    <![CDATA[When 5-year-old Dulce Maria Al...
                             ...                        
5      256    <![CDATA[When 5-year-old Dulce Maria Al...
4      256    <![CDATA[When 5-year-old Dulce Maria Al...
3      256    <![CDATA[When 5-year-old Dulce Maria Al...
2      256    <![CDATA[When 5-year-old Dulce Maria Al...
1      256    <![CDATA[When 5-year-old Dulce Maria Al...
Name: description, Length: 256, dtype: object"
249,MISSING: Michelle Eason Part 1, 25 Apr 2022 ,"256    256    <![CDATA[When 5-year-old Dulce Maria Al...
255    256    <![CDATA[When 5-year-old Dulce Maria Al...
254    256    <![CDATA[When 5-year-old Dulce Maria Al...
253    256    <![CDATA[When 5-year-old Dulce Maria Al...
252    256    <![CDATA[When 5-year-old Dulce Maria Al...
                             ...                        
5      256    <![CDATA[When 5-year-old Dulce Maria Al...
4      256    <![CDATA[When 5-year-old Dulce Maria Al...
3      256    <![CDATA[When 5-year-old Dulce Maria Al...
2      256    <![CDATA[When 5-year-old Dulce Maria Al...
1      256    <![CDATA[When 5-year-old Dulce Maria Al...
Name: description, Length: 256, dtype: object"
248,MYSTERIOUS DEATH OF: Pravin Varughese, 18 Apr 2022 ,"256    256    <![CDATA[When 5-year-old Dulce Maria Al...
255    256    <![CDATA[When 5-year-old Dulce Maria Al...
254    256    <![CDATA[When 5-year-old Dulce Maria Al...
253    256    <![CDATA[When 5-year-old Dulce Maria Al...
252    256    <![CDATA[When 5-year-old Dulce Maria Al...
                             ...                        
5      256    <![CDATA[When 5-year-old Dulce Maria Al...
4      256    <![CDATA[When 5-year-old Dulce Maria Al...
3      256    <![CDATA[When 5-year-old Dulce Maria Al...
2      256    <![CDATA[When 5-year-old Dulce Maria Al...
1      256    <![CDATA[When 5-year-old Dulce Maria Al...
Name: description, Length: 256, dtype: object"
247,INFAMOUS: Circleville Letters, 11 Apr 2022 ,"256    256    <![CDATA[When 5-year-old Dulce Maria Al...
255    256    <![CDATA[When 5-year-old Dulce Maria Al...
254    256    <![CDATA[When 5-year-old Dulce Maria Al...
253    256    <![CDATA[When 5-year-old Dulce Maria Al...
252    256    <![CDATA[When 5-year-old Dulce Maria Al...
                             ...                        
5      256    <![CDATA[When 5-year-old Dulce Maria Al...
4      256    <![CDATA[When 5-year-old Dulce Maria Al...
3      256    <![CDATA[When 5-year-old Dulce Maria Al...
2      256    <![CDATA[When 5-year-old Dulce Maria Al...
1      256    <![CDATA[When 5-year-old Dulce Maria Al...
Name: description, Length: 256, dtype: object"
246,MURDERED: Karen Gregory, 4 Apr 2022 0,"256    256    <![CDATA[When 5-year-old Dulce Maria Al...
255    256    <![CDATA[When 5-year-old Dulce Maria Al...
254    256    <![CDATA[When 5-year-old Dulce Maria Al...
253    256    <![CDATA[When 5-year-old Dulce Maria Al...
252    256    <![CDATA[When 5-year-old Dulce Maria Al...
                             ...                        
5      256    <![CDATA[When 5-year-old Dulce Maria Al...
4      256    <![CDATA[When 5-year-old Dulce Maria Al...
3      256    <![CDATA[When 5-year-old Dulce Maria Al...
2      256    <![CDATA[When 5-year-old Dulce Maria Al...
1      256    <![CDATA[When 5-year-old Dulce Maria Al...
Name: description, Length: 256, dtype: object"
245,MYSTERIOUS DEATH OF: Erica Alonso, 28 Mar 2022 ,"256    256    <![CDATA[When 5-year-old Dulce Maria Al...
255    256    <![CDATA[When 5-year-old Dulce Maria Al...
254    256    <![CDATA[When 5-year-old Dulce Maria Al...
253    256    <![CDATA[When 5-year-old Dulce Maria Al...
252    256    <![CDATA[When 5-year-old Dulce Maria Al...
                             ...                        
5      256    <![CDATA[When 5-year-old Dulce Maria Al...
4      256    <![CDATA[When 5-year-old Dulce Maria Al...
3      256    <![CDATA[When 5-year-old Dulce Maria Al...
2      256    <![CDATA[When 5-year-old Dulce Maria Al...
1      256    <![CDATA[When 5-year-old Dulce Maria Al...
Name: description, Length: 256, dtype: object"
244,MURDERED: Marqueise Coleman, 21 Mar 2022 ,"256    256    <![CDATA[When 5-year-old Dulce Maria Al...
255    256    <![CDATA[When 5-year-old Dulce Maria Al...
254    256    <![CDATA[When 5-year-old Dulce Maria Al...
253    256    <![CDATA[When 5-year-old Dulce Maria Al...
252    256    <![CDATA[When 5-year-old Dulce Maria Al...
                             ...                        
5      256    <![CDATA[When 5-year-old Dulce Maria Al...
4      256    <![CDATA[When 5-year-old Dulce Maria Al...
3      256    <![CDATA[When 5-year-old Dulce Maria Al...
2      256    <![CDATA[When 5-year-old Dulce Maria Al...
1      256    <![CDATA[When 5-year-old Dulce Maria Al...
Name: description, Length: 256, dtype: object"
243,UPDATE: Flathead County Doe, 15 Mar 2022 ,"256    256    <![CDATA[When 5-year-old Dulce Maria Al...
255    256    <![CDATA[When 5-year-old Dulce Maria Al...
254    256    <![CDATA[When 5-year-old Dulce Maria Al...
253    256    <![CDATA[When 5-year-old Dulce Maria Al...
252    256    <![CDATA[When 5-year-old Dulce Maria Al...
                             ...                        
5      256    <![CDATA[When 5-year-old Dulce Maria Al...
4      256    <![CDATA[When 5-year-old Dulce Maria Al...
3      256    <![CDATA[When 5-year-old Dulce Maria Al...
2      256    <![CDATA[When 5-year-old Dulce Maria Al...
1      256    <![CDATA[When 5-year-old Dulce Maria Al...
Name: description, Length: 256, dtype: object"
242,INFAMOUS: Juan Rivera, 14 Mar 2022 ,"256    256    <![CDATA[When 5-year-old Dulce Maria Al...
255    256    <![CDATA[When 5-year-old Dulce Maria Al...
254    256    <![CDATA[When 5-year-old Dulce Maria Al...
253    256    <![CDATA[When 5-year-old Dulce Maria Al...
252    256    <![CDATA[When 5-year-old Dulce Maria Al...
                             ...                        
5      256    <![CDATA[When 5-year-old Dulce Maria Al...
4      256    <![CDATA[When 5-year-old Dulce Maria Al...
3      256    <![CDATA[When 5-year-old Dulce Maria Al...
2      256    <![CDATA[When 5-year-old Dulce Maria Al...
1      256    <![CDATA[When 5-year-old Dulce Maria Al...
Name: description, Length: 256, dtype: object"
241,MURDERED: Erica Gene Shultz, 7 Mar 2022 0,"256    256    <![CDATA[When 5-year-old Dulce Maria Al...
255    256    <![CDATA[When 5-year-old Dulce Maria Al...
254    256    <![CDATA[When 5-year-old Dulce Maria Al...
253    256    <![CDATA[When 5-year-old Dulce Maria Al...
252    256    <![CDATA[When 5-year-old Dulce Maria Al...
                             ...                        
5      256    <![CDATA[When 5-year-old Dulce Maria Al...
4      256    <![CDATA[When 5-year-old Dulce Maria Al...
3      256    <![CDATA[When 5-year-old Dulce Maria Al...
2      256    <![CDATA[When 5-year-old Dulce Maria Al...
1      256    <![CDATA[When 5-year-old Dulce Maria Al...
Name: description, Length: 256, dtype: object"
240,MURDERED:  Emma Walker and Mya Peña, 28 Feb 2022 ,"256    256    <![CDATA[When 5-year-old Dulce Maria Al...
255    256    <![CDATA[When 5-year-old Dulce Maria Al...
254    256    <![CDATA[When 5-year-old Dulce Maria Al...
253    256    <![CDATA[When 5-year-old Dulce Maria Al...
252    256    <![CDATA[When 5-year-old Dulce Maria Al...
                             ...                        
5      256    <![CDATA[When 5-year-old Dulce Maria Al...
4      256    <![CDATA[When 5-year-old Dulce Maria Al...
3      256    <![CDATA[When 5-year-old Dulce Maria Al...
2      256    <![CDATA[When 5-year-old Dulce Maria Al...
1      256    <![CDATA[When 5-year-old Dulce Maria Al...
Name: description, Length: 256, dtype: object"
239,MYSTERIOUS DEATH OF: JoAnn Matouk Romain Part 2, 21 Feb 2022 ,"256    256    <![CDATA[When 5-year-old Dulce Maria Al...
255    256    <![CDATA[When 5-year-old Dulce Maria Al...
254    256    <![CDATA[When 5-year-old Dulce Maria Al...
253    256    <![CDATA[When 5-year-old Dulce Maria Al...
252    256    <![CDATA[When 5-year-old Dulce Maria Al...
                             ...                        
5      256    <![CDATA[When 5-year-old Dulce Maria Al...
4      256    <![CDATA[When 5-year-old Dulce Maria Al...
3      256    <![CDATA[When 5-year-old Dulce Maria Al...
2      256    <![CDATA[When 5-year-old Dulce Maria Al...
1      256    <![CDATA[When 5-year-old Dulce Maria Al...
Name: description, Length: 256, dtype: object"
238,MYSTERIOUS DEATH OF: JoAnn Matouk Romain Part 1, 14 Feb 2022 ,"256    256    <![CDATA[When 5-year-old Dulce Maria Al...
255    256    <![CDATA[When 5-year-old Dulce Maria Al...
254    256    <![CDATA[When 5-year-old Dulce Maria Al...
253    256    <![CDATA[When 5-year-old Dulce Maria Al...
252    256    <![CDATA[When 5-year-old Dulce Maria Al...
                             ...                        
5      256    <![CDATA[When 5-year-old Dulce Maria Al...
4      256    <![CDATA[When 5-year-old Dulce Maria Al...
3      256    <![CDATA[When 5-year-old Dulce Maria Al...
2      256    <![CDATA[When 5-year-old Dulce Maria Al...
1      256    <![CDATA[When 5-year-old Dulce Maria Al...
Name: description, Length: 256, dtype: object"
237,PRECEDENT: Megan Kanka, 7 Feb 2022 0,"256    256    <![CDATA[When 5-year-old Dulce Maria Al...
255    256    <![CDATA[When 5-year-old Dulce Maria Al...
254    256    <![CDATA[When 5-year-old Dulce Maria Al...
253    256    <![CDATA[When 5-year-old Dulce Maria Al...
252    256    <![CDATA[When 5-year-old Dulce Maria Al...
                             ...                        
5      256    <![CDATA[When 5-year-old Dulce Maria Al...
4      256    <![CDATA[When 5-year-old Dulce Maria Al...
3      256    <![CDATA[When 5-year-old Dulce Maria Al...
2      256    <![CDATA[When 5-year-old Dulce Maria Al...
1      256    <![CDATA[When 5-year-old Dulce Maria Al...
Name: description, Length: 256, dtype: object"
236,PRECEDENT: Jacob Wetterling, 7 Feb 2022 0,"256    256    <![CDATA[When 5-year-old Dulce Maria Al...
255    256    <![CDATA[When 5-year-old Dulce Maria Al...
254    256    <![CDATA[When 5-year-old Dulce Maria Al...
253    256    <![CDATA[When 5-year-old Dulce Maria Al...
252    256    <![CDATA[When 5-year-old Dulce Maria Al...
                             ...                        
5      256    <![CDATA[When 5-year-old Dulce Maria Al...
4      256    <![CDATA[When 5-year-old Dulce Maria Al...
3      256    <![CDATA[When 5-year-old Dulce Maria Al...
2      256    <![CDATA[When 5-year-old Dulce Maria Al...
1      256    <![CDATA[When 5-year-old Dulce Maria Al...
Name: description, Length: 256, dtype: object"
235,"MURDERED: Linda Smith (9 of Hearts, Idaho)", 2 Feb 2022 0,"256    256    <![CDATA[When 5-year-old Dulce Maria Al...
255    256    <![CDATA[When 5-year-old Dulce Maria Al...
254    256    <![CDATA[When 5-year-old Dulce Maria Al...
253    256    <![CDATA[When 5-year-old Dulce Maria Al...
252    256    <![CDATA[When 5-year-old Dulce Maria Al...
                             ...                        
5      256    <![CDATA[When 5-year-old Dulce Maria Al...
4      256    <![CDATA[When 5-year-old Dulce Maria Al...
3      256    <![CDATA[When 5-year-old Dulce Maria Al...
2      256    <![CDATA[When 5-year-old Dulce Maria Al...
1      256    <![CDATA[When 5-year-old Dulce Maria Al...
Name: description, Length: 256, dtype: object"
234,MURDERED: Georgia Leah Moses, 31 Jan 2022 ,"256    256    <![CDATA[When 5-year-old Dulce Maria Al...
255    256    <![CDATA[When 5-year-old Dulce Maria Al...
254    256    <![CDATA[When 5-year-old Dulce Maria Al...
253    256    <![CDATA[When 5-year-old Dulce Maria Al...
252    256    <![CDATA[When 5-year-old Dulce Maria Al...
                             ...                        
5      256    <![CDATA[When 5-year-old Dulce Maria Al...
4      256    <![CDATA[When 5-year-old Dulce Maria Al...
3      256    <![CDATA[When 5-year-old Dulce Maria Al...
2      256    <![CDATA[When 5-year-old Dulce Maria Al...
1      256    <![CDATA[When 5-year-old Dulce Maria Al...
Name: description, Length: 256, dtype: object"
233,SURVIVED: Chrystul Kizer and Cyntoia Brown, 24 Jan 2022 ,"256    256    <![CDATA[When 5-year-old Dulce Maria Al...
255    256    <![CDATA[When 5-year-old Dulce Maria Al...
254    256    <![CDATA[When 5-year-old Dulce Maria Al...
253    256    <![CDATA[When 5-year-old Dulce Maria Al...
252    256    <![CDATA[When 5-year-old Dulce Maria Al...
                             ...                        
5      256    <![CDATA[When 5-year-old Dulce Maria Al...
4      256    <![CDATA[When 5-year-old Dulce Maria Al...
3      256    <![CDATA[When 5-year-old Dulce Maria Al...
2      256    <![CDATA[When 5-year-old Dulce Maria Al...
1      256    <![CDATA[When 5-year-old Dulce Maria Al...
Name: description, Length: 256, dtype: object"
232,MISSING: Diane Francis, 17 Jan 2022 ,"256    256    <![CDATA[When 5-year-old Dulce Maria Al...
255    256    <![CDATA[When 5-year-old Dulce Maria Al...
254    256    <![CDATA[When 5-year-old Dulce Maria Al...
253    256    <![CDATA[When 5-year-old Dulce Maria Al...
252    256    <![CDATA[When 5-year-old Dulce Maria Al...
                             ...                        
5      256    <![CDATA[When 5-year-old Dulce Maria Al...
4      256    <![CDATA[When 5-year-old Dulce Maria Al...
3      256    <![CDATA[When 5-year-old Dulce Maria Al...
2      256    <![CDATA[When 5-year-old Dulce Maria Al...
1      256    <![CDATA[When 5-year-old Dulce Maria Al...
Name: description, Length: 256, dtype: object"
231,MISSING: Lauren Dumolo, 17 Jan 2022 ,"256    256    <![CDATA[When 5-year-old Dulce Maria Al...
255    256    <![CDATA[When 5-year-old Dulce Maria Al...
254    256    <![CDATA[When 5-year-old Dulce Maria Al...
253    256    <![CDATA[When 5-year-old Dulce Maria Al...
252    256    <![CDATA[When 5-year-old Dulce Maria Al...
                             ...                        
5      256    <![CDATA[When 5-year-old Dulce Maria Al...
4      256    <![CDATA[When 5-year-old Dulce Maria Al...
3      256    <![CDATA[When 5-year-old Dulce Maria Al...
2      256    <![CDATA[When 5-year-old Dulce Maria Al...
1      256    <![CDATA[When 5-year-old Dulce Maria Al...
Name: description, Length: 256, dtype: object"
230,MYSTERIOUS DEATH OF: Patricia Viola, 10 Jan 2022 ,"256    256    <![CDATA[When 5-year-old Dulce Maria Al...
255    256    <![CDATA[When 5-year-old Dulce Maria Al...
254    256    <![CDATA[When 5-year-old Dulce Maria Al...
253    256    <![CDATA[When 5-year-old Dulce Maria Al...
252    256    <![CDATA[When 5-year-old Dulce Maria Al...
                             ...                        
5      256    <![CDATA[When 5-year-old Dulce Maria Al...
4      256    <![CDATA[When 5-year-old Dulce Maria Al...
3      256    <![CDATA[When 5-year-old Dulce Maria Al...
2      256    <![CDATA[When 5-year-old Dulce Maria Al...
1      256    <![CDATA[When 5-year-old Dulce Maria Al...
Name: description, Length: 256, dtype: object"
229,MURDERED: Mary Lynn Witherspoon, 3 Jan 2022 0,"256    256    <![CDATA[When 5-year-old Dulce Maria Al...
255    256    <![CDATA[When 5-year-old Dulce Maria Al...
254    256    <![CDATA[When 5-year-old Dulce Maria Al...
253    256    <![CDATA[When 5-year-old Dulce Maria Al...
252    256    <![CDATA[When 5-year-old Dulce Maria Al...
                             ...                        
5      256    <![CDATA[When 5-year-old Dulce Maria Al...
4      256    <![CDATA[When 5-year-old Dulce Maria Al...
3      256    <![CDATA[When 5-year-old Dulce Maria Al...
2      256    <![CDATA[When 5-year-old Dulce Maria Al...
1      256    <![CDATA[When 5-year-old Dulce Maria Al...
Name: description, Length: 256, dtype: object"
228,MISSING: Damien Nettles, 20 Dec 2021 ,"256    256    <![CDATA[When 5-year-old Dulce Maria Al...
255    256    <![CDATA[When 5-year-old Dulce Maria Al...
254    256    <![CDATA[When 5-year-old Dulce Maria Al...
253    256    <![CDATA[When 5-year-old Dulce Maria Al...
252    256    <![CDATA[When 5-year-old Dulce Maria Al...
                             ...                        
5      256    <![CDATA[When 5-year-old Dulce Maria Al...
4      256    <![CDATA[When 5-year-old Dulce Maria Al...
3      256    <![CDATA[When 5-year-old Dulce Maria Al...
2      256    <![CDATA[When 5-year-old Dulce Maria Al...
1      256    <![CDATA[When 5-year-old Dulce Maria Al...
Name: description, Length: 256, dtype: object"
227,NEW SHOW: IT'S A WONDERFUL LIE, 14 Dec 2021 ,"256    256    <![CDATA[When 5-year-old Dulce Maria Al...
255    256    <![CDATA[When 5-year-old Dulce Maria Al...
254    256    <![CDATA[When 5-year-old Dulce Maria Al...
253    256    <![CDATA[When 5-year-old Dulce Maria Al...
252    256    <![CDATA[When 5-year-old Dulce Maria Al...
                             ...                        
5      256    <![CDATA[When 5-year-old Dulce Maria Al...
4      256    <![CDATA[When 5-year-old Dulce Maria Al...
3      256    <![CDATA[When 5-year-old Dulce Maria Al...
2      256    <![CDATA[When 5-year-old Dulce Maria Al...
1      256    <![CDATA[When 5-year-old Dulce Maria Al...
Name: description, Length: 256, dtype: object"
226,MYSTERIOUS DEATH OF: Sherese Walker Bingham (Part 2), 13 Dec 2021 ,"256    256    <![CDATA[When 5-year-old Dulce Maria Al...
255    256    <![CDATA[When 5-year-old Dulce Maria Al...
254    256    <![CDATA[When 5-year-old Dulce Maria Al...
253    256    <![CDATA[When 5-year-old Dulce Maria Al...
252    256    <![CDATA[When 5-year-old Dulce Maria Al...
                             ...                        
5      256    <![CDATA[When 5-year-old Dulce Maria Al...
4      256    <![CDATA[When 5-year-old Dulce Maria Al...
3      256    <![CDATA[When 5-year-old Dulce Maria Al...
2      256    <![CDATA[When 5-year-old Dulce Maria Al...
1      256    <![CDATA[When 5-year-old Dulce Maria Al...
Name: description, Length: 256, dtype: object"
225,MYSTERIOUS DEATH OF: Sherese Walker Bingham (Part 1), 13 Dec 2021 ,"256    256    <![CDATA[When 5-year-old Dulce Maria Al...
255    256    <![CDATA[When 5-year-old Dulce Maria Al...
254    256    <![CDATA[When 5-year-old Dulce Maria Al...
253    256    <![CDATA[When 5-year-old Dulce Maria Al...
252    256    <![CDATA[When 5-year-old Dulce Maria Al...
                             ...                        
5      256    <![CDATA[When 5-year-old Dulce Maria Al...
4      256    <![CDATA[When 5-year-old Dulce Maria Al...
3      256    <![CDATA[When 5-year-old Dulce Maria Al...
2      256    <![CDATA[When 5-year-old Dulce Maria Al...
1      256    <![CDATA[When 5-year-old Dulce Maria Al...
Name: description, Length: 256, dtype: object"
224,MURDERED: Candace Rough Surface, 6 Dec 2021 0,"256    256    <![CDATA[When 5-year-old Dulce Maria Al...
255    256    <![CDATA[When 5-year-old Dulce Maria Al...
254    256    <![CDATA[When 5-year-old Dulce Maria Al...
253    256    <![CDATA[When 5-year-old Dulce Maria Al...
252    256    <![CDATA[When 5-year-old Dulce Maria Al...
                             ...                        
5      256    <![CDATA[When 5-year-old Dulce Maria Al...
4      256    <![CDATA[When 5-year-old Dulce Maria Al...
3      256    <![CDATA[When 5-year-old Dulce Maria Al...
2      256    <![CDATA[When 5-year-old Dulce Maria Al...
1      256    <![CDATA[When 5-year-old Dulce Maria Al...
Name: description, Length: 256, dtype: object"
223,MISSING: Kierra Coles and Keeshae Jacobs, 29 Nov 2021 ,"256    256    <![CDATA[When 5-year-old Dulce Maria Al...
255    256    <![CDATA[When 5-year-old Dulce Maria Al...
254    256    <![CDATA[When 5-year-old Dulce Maria Al...
253    256    <![CDATA[When 5-year-old Dulce Maria Al...
252    256    <![CDATA[When 5-year-old Dulce Maria Al...
                             ...                        
5      256    <![CDATA[When 5-year-old Dulce Maria Al...
4      256    <![CDATA[When 5-year-old Dulce Maria Al...
3      256    <![CDATA[When 5-year-old Dulce Maria Al...
2      256    <![CDATA[When 5-year-old Dulce Maria Al...
1      256    <![CDATA[When 5-year-old Dulce Maria Al...
Name: description, Length: 256, dtype: object"
222,MURDERED: Janet Abaroa, 22 Nov 2021 ,"256    256    <![CDATA[When 5-year-old Dulce Maria Al...
255    256    <![CDATA[When 5-year-old Dulce Maria Al...
254    256    <![CDATA[When 5-year-old Dulce Maria Al...
253    256    <![CDATA[When 5-year-old Dulce Maria Al...
252    256    <![CDATA[When 5-year-old Dulce Maria Al...
                             ...                        
5      256    <![CDATA[When 5-year-old Dulce Maria Al...
4      256    <![CDATA[When 5-year-old Dulce Maria Al...
3      256    <![CDATA[When 5-year-old Dulce Maria Al...
2      256    <![CDATA[When 5-year-old Dulce Maria Al...
1      256    <![CDATA[When 5-year-old Dulce Maria Al...
Name: description, Length: 256, dtype: object"
221,MYSTERIOUS DEATH OF: Ellen Greenberg, 15 Nov 2021 ,"256    256    <![CDATA[When 5-year-old Dulce Maria Al...
255    256    <![CDATA[When 5-year-old Dulce Maria Al...
254    256    <![CDATA[When 5-year-old Dulce Maria Al...
253    256    <![CDATA[When 5-year-old Dulce Maria Al...
252    256    <![CDATA[When 5-year-old Dulce Maria Al...
                             ...                        
5      256    <![CDATA[When 5-year-old Dulce Maria Al...
4      256    <![CDATA[When 5-year-old Dulce Maria Al...
3      256    <![CDATA[When 5-year-old Dulce Maria Al...
2      256    <![CDATA[When 5-year-old Dulce Maria Al...
1      256    <![CDATA[When 5-year-old Dulce Maria Al...
Name: description, Length: 256, dtype: object"
220,NEW SHOW: STRANGELAND, 9 Nov 2021 0,"256    256    <![CDATA[When 5-year-old Dulce Maria Al...
255    256    <![CDATA[When 5-year-old Dulce Maria Al...
254    256    <![CDATA[When 5-year-old Dulce Maria Al...
253    256    <![CDATA[When 5-year-old Dulce Maria Al...
252    256    <![CDATA[When 5-year-old Dulce Maria Al...
                             ...                        
5      256    <![CDATA[When 5-year-old Dulce Maria Al...
4      256    <![CDATA[When 5-year-old Dulce Maria Al...
3      256    <![CDATA[When 5-year-old Dulce Maria Al...
2      256    <![CDATA[When 5-year-old Dulce Maria Al...
1      256    <![CDATA[When 5-year-old Dulce Maria Al...
Name: description, Length: 256, dtype: object"
219,MURDERED: Enrique Roman Martinez, 8 Nov 2021 0,"256    256    <![CDATA[When 5-year-old Dulce Maria Al...
255    256    <![CDATA[When 5-year-old Dulce Maria Al...
254    256    <![CDATA[When 5-year-old Dulce Maria Al...
253    256    <![CDATA[When 5-year-old Dulce Maria Al...
252    256    <![CDATA[When 5-year-old Dulce Maria Al...
                             ...                        
5      256    <![CDATA[When 5-year-old Dulce Maria Al...
4      256    <![CDATA[When 5-year-old Dulce Maria Al...
3      256    <![CDATA[When 5-year-old Dulce Maria Al...
2      256    <![CDATA[When 5-year-old Dulce Maria Al...
1      256    <![CDATA[When 5-year-old Dulce Maria Al...
Name: description, Length: 256, dtype: object"
218,CAPTURED: Allan Showery, 1 Nov 2021 0,"256    256    <![CDATA[When 5-year-old Dulce Maria Al...
255    256    <![CDATA[When 5-year-old Dulce Maria Al...
254    256    <![CDATA[When 5-year-old Dulce Maria Al...
253    256    <![CDATA[When 5-year-old Dulce Maria Al...
252    256    <![CDATA[When 5-year-old Dulce Maria Al...
                             ...                        
5      256    <![CDATA[When 5-year-old Dulce Maria Al...
4      256    <![CDATA[When 5-year-old Dulce Maria Al...
3      256    <![CDATA[When 5-year-old Dulce Maria Al...
2      256    <![CDATA[When 5-year-old Dulce Maria Al...
1      256    <![CDATA[When 5-year-old Dulce Maria Al...
Name: description, Length: 256, dtype: object"
217,MISSING: Young Men From Their Cars, 25 Oct 2021 ,"256    256    <![CDATA[When 5-year-old Dulce Maria Al...
255    256    <![CDATA[When 5-year-old Dulce Maria Al...
254    256    <![CDATA[When 5-year-old Dulce Maria Al...
253    256    <![CDATA[When 5-year-old Dulce Maria Al...
252    256    <![CDATA[When 5-year-old Dulce Maria Al...
                             ...                        
5      256    <![CDATA[When 5-year-old Dulce Maria Al...
4      256    <![CDATA[When 5-year-old Dulce Maria Al...
3      256    <![CDATA[When 5-year-old Dulce Maria Al...
2      256    <![CDATA[When 5-year-old Dulce Maria Al...
1      256    <![CDATA[When 5-year-old Dulce Maria Al...
Name: description, Length: 256, dtype: object"
216,MURDERED: Meredith Kercher, 18 Oct 2021 ,"256    256    <![CDATA[When 5-year-old Dulce Maria Al...
255    256    <![CDATA[When 5-year-old Dulce Maria Al...
254    256    <![CDATA[When 5-year-old Dulce Maria Al...
253    256    <![CDATA[When 5-year-old Dulce Maria Al...
252    256    <![CDATA[When 5-year-old Dulce Maria Al...
                             ...                        
5      256    <![CDATA[When 5-year-old Dulce Maria Al...
4      256    <![CDATA[When 5-year-old Dulce Maria Al...
3      256    <![CDATA[When 5-year-old Dulce Maria Al...
2      256    <![CDATA[When 5-year-old Dulce Maria Al...
1      256    <![CDATA[When 5-year-old Dulce Maria Al...
Name: description, Length: 256, dtype: object"
215,MURDERED: Billy Stafford, 11 Oct 2021 ,"256    256    <![CDATA[When 5-year-old Dulce Maria Al...
255    256    <![CDATA[When 5-year-old Dulce Maria Al...
254    256    <![CDATA[When 5-year-old Dulce Maria Al...
253    256    <![CDATA[When 5-year-old Dulce Maria Al...
252    256    <![CDATA[When 5-year-old Dulce Maria Al...
                             ...                        
5      256    <![CDATA[When 5-year-old Dulce Maria Al...
4      256    <![CDATA[When 5-year-old Dulce Maria Al...
3      256    <![CDATA[When 5-year-old Dulce Maria Al...
2      256    <![CDATA[When 5-year-old Dulce Maria Al...
1      256    <![CDATA[When 5-year-old Dulce Maria Al...
Name: description, Length: 256, dtype: object"
214,Full Body Chills IS BACK!, 8 Oct 2021 0,"256    256    <![CDATA[When 5-year-old Dulce Maria Al...
255    256    <![CDATA[When 5-year-old Dulce Maria Al...
254    256    <![CDATA[When 5-year-old Dulce Maria Al...
253    256    <![CDATA[When 5-year-old Dulce Maria Al...
252    256    <![CDATA[When 5-year-old Dulce Maria Al...
                             ...                        
5      256    <![CDATA[When 5-year-old Dulce Maria Al...
4      256    <![CDATA[When 5-year-old Dulce Maria Al...
3      256    <![CDATA[When 5-year-old Dulce Maria Al...
2      256    <![CDATA[When 5-year-old Dulce Maria Al...
1      256    <![CDATA[When 5-year-old Dulce Maria Al...
Name: description, Length: 256, dtype: object"
213,MURDERED: The Hendricks Family, 4 Oct 2021 0,"256    256    <![CDATA[When 5-year-old Dulce Maria Al...
255    256    <![CDATA[When 5-year-old Dulce Maria Al...
254    256    <![CDATA[When 5-year-old Dulce Maria Al...
253    256    <![CDATA[When 5-year-old Dulce Maria Al...
252    256    <![CDATA[When 5-year-old Dulce Maria Al...
                             ...                        
5      256    <![CDATA[When 5-year-old Dulce Maria Al...
4      256    <![CDATA[When 5-year-old Dulce Maria Al...
3      256    <![CDATA[When 5-year-old Dulce Maria Al...
2      256    <![CDATA[When 5-year-old Dulce Maria Al...
1      256    <![CDATA[When 5-year-old Dulce Maria Al...
Name: description, Length: 256, dtype: object"
212,CAPTURED: Denver Hammer Killer, 27 Sep 2021 ,"256    256    <![CDATA[When 5-year-old Dulce Maria Al...
255    256    <![CDATA[When 5-year-old Dulce Maria Al...
254    256    <![CDATA[When 5-year-old Dulce Maria Al...
253    256    <![CDATA[When 5-year-old Dulce Maria Al...
252    256    <![CDATA[When 5-year-old Dulce Maria Al...
                             ...                        
5      256    <![CDATA[When 5-year-old Dulce Maria Al...
4      256    <![CDATA[When 5-year-old Dulce Maria Al...
3      256    <![CDATA[When 5-year-old Dulce Maria Al...
2      256    <![CDATA[When 5-year-old Dulce Maria Al...
1      256    <![CDATA[When 5-year-old Dulce Maria Al...
Name: description, Length: 256, dtype: object"
211,MYSTERIOUS DEATH OF: Joyce Chiang, 20 Sep 2021 ,"256    256    <![CDATA[When 5-year-old Dulce Maria Al...
255    256    <![CDATA[When 5-year-old Dulce Maria Al...
254    256    <![CDATA[When 5-year-old Dulce Maria Al...
253    256    <![CDATA[When 5-year-old Dulce Maria Al...
252    256    <![CDATA[When 5-year-old Dulce Maria Al...
                             ...                        
5      256    <![CDATA[When 5-year-old Dulce Maria Al...
4      256    <![CDATA[When 5-year-old Dulce Maria Al...
3      256    <![CDATA[When 5-year-old Dulce Maria Al...
2      256    <![CDATA[When 5-year-old Dulce Maria Al...
1      256    <![CDATA[When 5-year-old Dulce Maria Al...
Name: description, Length: 256, dtype: object"
210,MISSING: Gabby Petito, 19 Sep 2021 ,"256    256    <![CDATA[When 5-year-old Dulce Maria Al...
255    256    <![CDATA[When 5-year-old Dulce Maria Al...
254    256    <![CDATA[When 5-year-old Dulce Maria Al...
253    256    <![CDATA[When 5-year-old Dulce Maria Al...
252    256    <![CDATA[When 5-year-old Dulce Maria Al...
                             ...                        
5      256    <![CDATA[When 5-year-old Dulce Maria Al...
4      256    <![CDATA[When 5-year-old Dulce Maria Al...
3      256    <![CDATA[When 5-year-old Dulce Maria Al...
2      256    <![CDATA[When 5-year-old Dulce Maria Al...
1      256    <![CDATA[When 5-year-old Dulce Maria Al...
Name: description, Length: 256, dtype: object"
209,INFAMOUS: Armored Truck Heists, 16 Sep 2021 ,"256    256    <![CDATA[When 5-year-old Dulce Maria Al...
255    256    <![CDATA[When 5-year-old Dulce Maria Al...
254    256    <![CDATA[When 5-year-old Dulce Maria Al...
253    256    <![CDATA[When 5-year-old Dulce Maria Al...
252    256    <![CDATA[When 5-year-old Dulce Maria Al...
                             ...                        
5      256    <![CDATA[When 5-year-old Dulce Maria Al...
4      256    <![CDATA[When 5-year-old Dulce Maria Al...
3      256    <![CDATA[When 5-year-old Dulce Maria Al...
2      256    <![CDATA[When 5-year-old Dulce Maria Al...
1      256    <![CDATA[When 5-year-old Dulce Maria Al...
Name: description, Length: 256, dtype: object"
208,MURDERED: Debra Jackson (Orange Socks Doe), 13 Sep 2021 ,"256    256    <![CDATA[When 5-year-old Dulce Maria Al...
255    256    <![CDATA[When 5-year-old Dulce Maria Al...
254    256    <![CDATA[When 5-year-old Dulce Maria Al...
253    256    <![CDATA[When 5-year-old Dulce Maria Al...
252    256    <![CDATA[When 5-year-old Dulce Maria Al...
                             ...                        
5      256    <![CDATA[When 5-year-old Dulce Maria Al...
4      256    <![CDATA[When 5-year-old Dulce Maria Al...
3      256    <![CDATA[When 5-year-old Dulce Maria Al...
2      256    <![CDATA[When 5-year-old Dulce Maria Al...
1      256    <![CDATA[When 5-year-old Dulce Maria Al...
Name: description, Length: 256, dtype: object"
207,MISSING: Ryan Shtuka, 30 Aug 2021 ,"256    256    <![CDATA[When 5-year-old Dulce Maria Al...
255    256    <![CDATA[When 5-year-old Dulce Maria Al...
254    256    <![CDATA[When 5-year-old Dulce Maria Al...
253    256    <![CDATA[When 5-year-old Dulce Maria Al...
252    256    <![CDATA[When 5-year-old Dulce Maria Al...
                             ...                        
5      256    <![CDATA[When 5-year-old Dulce Maria Al...
4      256    <![CDATA[When 5-year-old Dulce Maria Al...
3      256    <![CDATA[When 5-year-old Dulce Maria Al...
2      256    <![CDATA[When 5-year-old Dulce Maria Al...
1      256    <![CDATA[When 5-year-old Dulce Maria Al...
Name: description, Length: 256, dtype: object"
206,CAPTURED: Rocky Mountain Killer, 23 Aug 2021 ,"256    256    <![CDATA[When 5-year-old Dulce Maria Al...
255    256    <![CDATA[When 5-year-old Dulce Maria Al...
254    256    <![CDATA[When 5-year-old Dulce Maria Al...
253    256    <![CDATA[When 5-year-old Dulce Maria Al...
252    256    <![CDATA[When 5-year-old Dulce Maria Al...
                             ...                        
5      256    <![CDATA[When 5-year-old Dulce Maria Al...
4      256    <![CDATA[When 5-year-old Dulce Maria Al...
3      256    <![CDATA[When 5-year-old Dulce Maria Al...
2      256    <![CDATA[When 5-year-old Dulce Maria Al...
1      256    <![CDATA[When 5-year-old Dulce Maria Al...
Name: description, Length: 256, dtype: object"
205,MISSING: Mary Badaracco, 16 Aug 2021 ,"256    256    <![CDATA[When 5-year-old Dulce Maria Al...
255    256    <![CDATA[When 5-year-old Dulce Maria Al...
254    256    <![CDATA[When 5-year-old Dulce Maria Al...
253    256    <![CDATA[When 5-year-old Dulce Maria Al...
252    256    <![CDATA[When 5-year-old Dulce Maria Al...
                             ...                        
5      256    <![CDATA[When 5-year-old Dulce Maria Al...
4      256    <![CDATA[When 5-year-old Dulce Maria Al...
3      256    <![CDATA[When 5-year-old Dulce Maria Al...
2      256    <![CDATA[When 5-year-old Dulce Maria Al...
1      256    <![CDATA[When 5-year-old Dulce Maria Al...
Name: description, Length: 256, dtype: object"
204,MURDERED: Lisa Au, 9 Aug 2021 0,"256    256    <![CDATA[When 5-year-old Dulce Maria Al...
255    256    <![CDATA[When 5-year-old Dulce Maria Al...
254    256    <![CDATA[When 5-year-old Dulce Maria Al...
253    256    <![CDATA[When 5-year-old Dulce Maria Al...
252    256    <![CDATA[When 5-year-old Dulce Maria Al...
                             ...                        
5      256    <![CDATA[When 5-year-old Dulce Maria Al...
4      256    <![CDATA[When 5-year-old Dulce Maria Al...
3      256    <![CDATA[When 5-year-old Dulce Maria Al...
2      256    <![CDATA[When 5-year-old Dulce Maria Al...
1      256    <![CDATA[When 5-year-old Dulce Maria Al...
Name: description, Length: 256, dtype: object"
203,SERIAL KILLER: The Cleveland Strangler, 2 Aug 2021 0,"256    256    <![CDATA[When 5-year-old Dulce Maria Al...
255    256    <![CDATA[When 5-year-old Dulce Maria Al...
254    256    <![CDATA[When 5-year-old Dulce Maria Al...
253    256    <![CDATA[When 5-year-old Dulce Maria Al...
252    256    <![CDATA[When 5-year-old Dulce Maria Al...
                             ...                        
5      256    <![CDATA[When 5-year-old Dulce Maria Al...
4      256    <![CDATA[When 5-year-old Dulce Maria Al...
3      256    <![CDATA[When 5-year-old Dulce Maria Al...
2      256    <![CDATA[When 5-year-old Dulce Maria Al...
1      256    <![CDATA[When 5-year-old Dulce Maria Al...
Name: description, Length: 256, dtype: object"
202,MISSING: Alicia Navarro, 26 Jul 2021 ,"256    256    <![CDATA[When 5-year-old Dulce Maria Al...
255    256    <![CDATA[When 5-year-old Dulce Maria Al...
254    256    <![CDATA[When 5-year-old Dulce Maria Al...
253    256    <![CDATA[When 5-year-old Dulce Maria Al...
252    256    <![CDATA[When 5-year-old Dulce Maria Al...
                             ...                        
5      256    <![CDATA[When 5-year-old Dulce Maria Al...
4      256    <![CDATA[When 5-year-old Dulce Maria Al...
3      256    <![CDATA[When 5-year-old Dulce Maria Al...
2      256    <![CDATA[When 5-year-old Dulce Maria Al...
1      256    <![CDATA[When 5-year-old Dulce Maria Al...
Name: description, Length: 256, dtype: object"
201,DESAPARECIDA: Alicia Navarro, 26 Jul 2021 ,"256    256    <![CDATA[When 5-year-old Dulce Maria Al...
255    256    <![CDATA[When 5-year-old Dulce Maria Al...
254    256    <![CDATA[When 5-year-old Dulce Maria Al...
253    256    <![CDATA[When 5-year-old Dulce Maria Al...
252    256    <![CDATA[When 5-year-old Dulce Maria Al...
                             ...                        
5      256    <![CDATA[When 5-year-old Dulce Maria Al...
4      256    <![CDATA[When 5-year-old Dulce Maria Al...
3      256    <![CDATA[When 5-year-old Dulce Maria Al...
2      256    <![CDATA[When 5-year-old Dulce Maria Al...
1      256    <![CDATA[When 5-year-old Dulce Maria Al...
Name: description, Length: 256, dtype: object"
200,INFAMOUS: Tommy Zeigler, 19 Jul 2021 ,"256    256    <![CDATA[When 5-year-old Dulce Maria Al...
255    256    <![CDATA[When 5-year-old Dulce Maria Al...
254    256    <![CDATA[When 5-year-old Dulce Maria Al...
253    256    <![CDATA[When 5-year-old Dulce Maria Al...
252    256    <![CDATA[When 5-year-old Dulce Maria Al...
                             ...                        
5      256    <![CDATA[When 5-year-old Dulce Maria Al...
4      256    <![CDATA[When 5-year-old Dulce Maria Al...
3      256    <![CDATA[When 5-year-old Dulce Maria Al...
2      256    <![CDATA[When 5-year-old Dulce Maria Al...
1      256    <![CDATA[When 5-year-old Dulce Maria Al...
Name: description, Length: 256, dtype: object"
199,SEASON OF JUSTICE!!!, 15 Jul 2021 ,"256    256    <![CDATA[When 5-year-old Dulce Maria Al...
255    256    <![CDATA[When 5-year-old Dulce Maria Al...
254    256    <![CDATA[When 5-year-old Dulce Maria Al...
253    256    <![CDATA[When 5-year-old Dulce Maria Al...
252    256    <![CDATA[When 5-year-old Dulce Maria Al...
                             ...                        
5      256    <![CDATA[When 5-year-old Dulce Maria Al...
4      256    <![CDATA[When 5-year-old Dulce Maria Al...
3      256    <![CDATA[When 5-year-old Dulce Maria Al...
2      256    <![CDATA[When 5-year-old Dulce Maria Al...
1      256    <![CDATA[When 5-year-old Dulce Maria Al...
Name: description, Length: 256, dtype: object"
198,WANTED: The Keddie Cabin Killer, 12 Jul 2021 ,"256    256    <![CDATA[When 5-year-old Dulce Maria Al...
255    256    <![CDATA[When 5-year-old Dulce Maria Al...
254    256    <![CDATA[When 5-year-old Dulce Maria Al...
253    256    <![CDATA[When 5-year-old Dulce Maria Al...
252    256    <![CDATA[When 5-year-old Dulce Maria Al...
                             ...                        
5      256    <![CDATA[When 5-year-old Dulce Maria Al...
4      256    <![CDATA[When 5-year-old Dulce Maria Al...
3      256    <![CDATA[When 5-year-old Dulce Maria Al...
2      256    <![CDATA[When 5-year-old Dulce Maria Al...
1      256    <![CDATA[When 5-year-old Dulce Maria Al...
Name: description, Length: 256, dtype: object"
197,MYSTERIOUS DEATH OF: Kaysera Stops Pretty Places, 5 Jul 2021 0,"256    256    <![CDATA[When 5-year-old Dulce Maria Al...
255    256    <![CDATA[When 5-year-old Dulce Maria Al...
254    256    <![CDATA[When 5-year-old Dulce Maria Al...
253    256    <![CDATA[When 5-year-old Dulce Maria Al...
252    256    <![CDATA[When 5-year-old Dulce Maria Al...
                             ...                        
5      256    <![CDATA[When 5-year-old Dulce Maria Al...
4      256    <![CDATA[When 5-year-old Dulce Maria Al...
3      256    <![CDATA[When 5-year-old Dulce Maria Al...
2      256    <![CDATA[When 5-year-old Dulce Maria Al...
1      256    <![CDATA[When 5-year-old Dulce Maria Al...
Name: description, Length: 256, dtype: object"
196,SERIAL KILLER: Bruce McArthur, 28 Jun 2021 ,"256    256    <![CDATA[When 5-year-old Dulce Maria Al...
255    256    <![CDATA[When 5-year-old Dulce Maria Al...
254    256    <![CDATA[When 5-year-old Dulce Maria Al...
253    256    <![CDATA[When 5-year-old Dulce Maria Al...
252    256    <![CDATA[When 5-year-old Dulce Maria Al...
                             ...                        
5      256    <![CDATA[When 5-year-old Dulce Maria Al...
4      256    <![CDATA[When 5-year-old Dulce Maria Al...
3      256    <![CDATA[When 5-year-old Dulce Maria Al...
2      256    <![CDATA[When 5-year-old Dulce Maria Al...
1      256    <![CDATA[When 5-year-old Dulce Maria Al...
Name: description, Length: 256, dtype: object"
195,CAPTURED: Jennifer Pan, 21 Jun 2021 ,"256    256    <![CDATA[When 5-year-old Dulce Maria Al...
255    256    <![CDATA[When 5-year-old Dulce Maria Al...
254    256    <![CDATA[When 5-year-old Dulce Maria Al...
253    256    <![CDATA[When 5-year-old Dulce Maria Al...
252    256    <![CDATA[When 5-year-old Dulce Maria Al...
                             ...                        
5      256    <![CDATA[When 5-year-old Dulce Maria Al...
4      256    <![CDATA[When 5-year-old Dulce Maria Al...
3      256    <![CDATA[When 5-year-old Dulce Maria Al...
2      256    <![CDATA[When 5-year-old Dulce Maria Al...
1      256    <![CDATA[When 5-year-old Dulce Maria Al...
Name: description, Length: 256, dtype: object"
194,MISSING: Branson Perry, 14 Jun 2021 ,"256    256    <![CDATA[When 5-year-old Dulce Maria Al...
255    256    <![CDATA[When 5-year-old Dulce Maria Al...
254    256    <![CDATA[When 5-year-old Dulce Maria Al...
253    256    <![CDATA[When 5-year-old Dulce Maria Al...
252    256    <![CDATA[When 5-year-old Dulce Maria Al...
                             ...                        
5      256    <![CDATA[When 5-year-old Dulce Maria Al...
4      256    <![CDATA[When 5-year-old Dulce Maria Al...
3      256    <![CDATA[When 5-year-old Dulce Maria Al...
2      256    <![CDATA[When 5-year-old Dulce Maria Al...
1      256    <![CDATA[When 5-year-old Dulce Maria Al...
Name: description, Length: 256, dtype: object"
193,MURDERED: Mollie Olgin, 7 Jun 2021 0,"256    256    <![CDATA[When 5-year-old Dulce Maria Al...
255    256    <![CDATA[When 5-year-old Dulce Maria Al...
254    256    <![CDATA[When 5-year-old Dulce Maria Al...
253    256    <![CDATA[When 5-year-old Dulce Maria Al...
252    256    <![CDATA[When 5-year-old Dulce Maria Al...
                             ...                        
5      256    <![CDATA[When 5-year-old Dulce Maria Al...
4      256    <![CDATA[When 5-year-old Dulce Maria Al...
3      256    <![CDATA[When 5-year-old Dulce Maria Al...
2      256    <![CDATA[When 5-year-old Dulce Maria Al...
1      256    <![CDATA[When 5-year-old Dulce Maria Al...
Name: description, Length: 256, dtype: object"
192,INFAMOUS: The Signal Mountain Murders, 31 May 2021 ,"256    256    <![CDATA[When 5-year-old Dulce Maria Al...
255    256    <![CDATA[When 5-year-old Dulce Maria Al...
254    256    <![CDATA[When 5-year-old Dulce Maria Al...
253    256    <![CDATA[When 5-year-old Dulce Maria Al...
252    256    <![CDATA[When 5-year-old Dulce Maria Al...
                             ...                        
5      256    <![CDATA[When 5-year-old Dulce Maria Al...
4      256    <![CDATA[When 5-year-old Dulce Maria Al...
3      256    <![CDATA[When 5-year-old Dulce Maria Al...
2      256    <![CDATA[When 5-year-old Dulce Maria Al...
1      256    <![CDATA[When 5-year-old Dulce Maria Al...
Name: description, Length: 256, dtype: object"
191,MURDERED: Father Patrick Ryan, 24 May 2021 ,"256    256    <![CDATA[When 5-year-old Dulce Maria Al...
255    256    <![CDATA[When 5-year-old Dulce Maria Al...
254    256    <![CDATA[When 5-year-old Dulce Maria Al...
253    256    <![CDATA[When 5-year-old Dulce Maria Al...
252    256    <![CDATA[When 5-year-old Dulce Maria Al...
                             ...                        
5      256    <![CDATA[When 5-year-old Dulce Maria Al...
4      256    <![CDATA[When 5-year-old Dulce Maria Al...
3      256    <![CDATA[When 5-year-old Dulce Maria Al...
2      256    <![CDATA[When 5-year-old Dulce Maria Al...
1      256    <![CDATA[When 5-year-old Dulce Maria Al...
Name: description, Length: 256, dtype: object"
190,INFAMOUS: The Setagaya Family Murders, 17 May 2021 ,"256    256    <![CDATA[When 5-year-old Dulce Maria Al...
255    256    <![CDATA[When 5-year-old Dulce Maria Al...
254    256    <![CDATA[When 5-year-old Dulce Maria Al...
253    256    <![CDATA[When 5-year-old Dulce Maria Al...
252    256    <![CDATA[When 5-year-old Dulce Maria Al...
                             ...                        
5      256    <![CDATA[When 5-year-old Dulce Maria Al...
4      256    <![CDATA[When 5-year-old Dulce Maria Al...
3      256    <![CDATA[When 5-year-old Dulce Maria Al...
2      256    <![CDATA[When 5-year-old Dulce Maria Al...
1      256    <![CDATA[When 5-year-old Dulce Maria Al...
Name: description, Length: 256, dtype: object"
189,MURDERED: Rosie Tapia, 10 May 2021 ,"256    256    <![CDATA[When 5-year-old Dulce Maria Al...
255    256    <![CDATA[When 5-year-old Dulce Maria Al...
254    256    <![CDATA[When 5-year-old Dulce Maria Al...
253    256    <![CDATA[When 5-year-old Dulce Maria Al...
252    256    <![CDATA[When 5-year-old Dulce Maria Al...
                             ...                        
5      256    <![CDATA[When 5-year-old Dulce Maria Al...
4      256    <![CDATA[When 5-year-old Dulce Maria Al...
3      256    <![CDATA[When 5-year-old Dulce Maria Al...
2      256    <![CDATA[When 5-year-old Dulce Maria Al...
1      256    <![CDATA[When 5-year-old Dulce Maria Al...
Name: description, Length: 256, dtype: object"
188,MISSING: Diane Louise Augat, 3 May 2021 0,"256    256    <![CDATA[When 5-year-old Dulce Maria Al...
255    256    <![CDATA[When 5-year-old Dulce Maria Al...
254    256    <![CDATA[When 5-year-old Dulce Maria Al...
253    256    <![CDATA[When 5-year-old Dulce Maria Al...
252    256    <![CDATA[When 5-year-old Dulce Maria Al...
                             ...                        
5      256    <![CDATA[When 5-year-old Dulce Maria Al...
4      256    <![CDATA[When 5-year-old Dulce Maria Al...
3      256    <![CDATA[When 5-year-old Dulce Maria Al...
2      256    <![CDATA[When 5-year-old Dulce Maria Al...
1      256    <![CDATA[When 5-year-old Dulce Maria Al...
Name: description, Length: 256, dtype: object"
187,INFAMOUS: Prom Night Murders, 26 Apr 2021 ,"256    256    <![CDATA[When 5-year-old Dulce Maria Al...
255    256    <![CDATA[When 5-year-old Dulce Maria Al...
254    256    <![CDATA[When 5-year-old Dulce Maria Al...
253    256    <![CDATA[When 5-year-old Dulce Maria Al...
252    256    <![CDATA[When 5-year-old Dulce Maria Al...
                             ...                        
5      256    <![CDATA[When 5-year-old Dulce Maria Al...
4      256    <![CDATA[When 5-year-old Dulce Maria Al...
3      256    <![CDATA[When 5-year-old Dulce Maria Al...
2      256    <![CDATA[When 5-year-old Dulce Maria Al...
1      256    <![CDATA[When 5-year-old Dulce Maria Al...
Name: description, Length: 256, dtype: object"
186,MURDERED: Sierah Joughin, 19 Apr 2021 ,"256    256    <![CDATA[When 5-year-old Dulce Maria Al...
255    256    <![CDATA[When 5-year-old Dulce Maria Al...
254    256    <![CDATA[When 5-year-old Dulce Maria Al...
253    256    <![CDATA[When 5-year-old Dulce Maria Al...
252    256    <![CDATA[When 5-year-old Dulce Maria Al...
                             ...                        
5      256    <![CDATA[When 5-year-old Dulce Maria Al...
4      256    <![CDATA[When 5-year-old Dulce Maria Al...
3      256    <![CDATA[When 5-year-old Dulce Maria Al...
2      256    <![CDATA[When 5-year-old Dulce Maria Al...
1      256    <![CDATA[When 5-year-old Dulce Maria Al...
Name: description, Length: 256, dtype: object"
185,INFAMOUS: #ChallengeAccepted, 12 Apr 2021 ,"256    256    <![CDATA[When 5-year-old Dulce Maria Al...
255    256    <![CDATA[When 5-year-old Dulce Maria Al...
254    256    <![CDATA[When 5-year-old Dulce Maria Al...
253    256    <![CDATA[When 5-year-old Dulce Maria Al...
252    256    <![CDATA[When 5-year-old Dulce Maria Al...
                             ...                        
5      256    <![CDATA[When 5-year-old Dulce Maria Al...
4      256    <![CDATA[When 5-year-old Dulce Maria Al...
3      256    <![CDATA[When 5-year-old Dulce Maria Al...
2      256    <![CDATA[When 5-year-old Dulce Maria Al...
1      256    <![CDATA[When 5-year-old Dulce Maria Al...
Name: description, Length: 256, dtype: object"
184,MURDERED: Peggy Reome, 5 Apr 2021 0,"256    256    <![CDATA[When 5-year-old Dulce Maria Al...
255    256    <![CDATA[When 5-year-old Dulce Maria Al...
254    256    <![CDATA[When 5-year-old Dulce Maria Al...
253    256    <![CDATA[When 5-year-old Dulce Maria Al...
252    256    <![CDATA[When 5-year-old Dulce Maria Al...
                             ...                        
5      256    <![CDATA[When 5-year-old Dulce Maria Al...
4      256    <![CDATA[When 5-year-old Dulce Maria Al...
3      256    <![CDATA[When 5-year-old Dulce Maria Al...
2      256    <![CDATA[When 5-year-old Dulce Maria Al...
1      256    <![CDATA[When 5-year-old Dulce Maria Al...
Name: description, Length: 256, dtype: object"
183,MISSING: Esther Hollis, 1 Apr 2021 1,"256    256    <![CDATA[When 5-year-old Dulce Maria Al...
255    256    <![CDATA[When 5-year-old Dulce Maria Al...
254    256    <![CDATA[When 5-year-old Dulce Maria Al...
253    256    <![CDATA[When 5-year-old Dulce Maria Al...
252    256    <![CDATA[When 5-year-old Dulce Maria Al...
                             ...                        
5      256    <![CDATA[When 5-year-old Dulce Maria Al...
4      256    <![CDATA[When 5-year-old Dulce Maria Al...
3      256    <![CDATA[When 5-year-old Dulce Maria Al...
2      256    <![CDATA[When 5-year-old Dulce Maria Al...
1      256    <![CDATA[When 5-year-old Dulce Maria Al...
Name: description, Length: 256, dtype: object"
182,NEW SHOW: O.C. Swingers, 29 Mar 2021 ,"256    256    <![CDATA[When 5-year-old Dulce Maria Al...
255    256    <![CDATA[When 5-year-old Dulce Maria Al...
254    256    <![CDATA[When 5-year-old Dulce Maria Al...
253    256    <![CDATA[When 5-year-old Dulce Maria Al...
252    256    <![CDATA[When 5-year-old Dulce Maria Al...
                             ...                        
5      256    <![CDATA[When 5-year-old Dulce Maria Al...
4      256    <![CDATA[When 5-year-old Dulce Maria Al...
3      256    <![CDATA[When 5-year-old Dulce Maria Al...
2      256    <![CDATA[When 5-year-old Dulce Maria Al...
1      256    <![CDATA[When 5-year-old Dulce Maria Al...
Name: description, Length: 256, dtype: object"
181,MURDERED: Donnah Winger, 29 Mar 2021 ,"256    256    <![CDATA[When 5-year-old Dulce Maria Al...
255    256    <![CDATA[When 5-year-old Dulce Maria Al...
254    256    <![CDATA[When 5-year-old Dulce Maria Al...
253    256    <![CDATA[When 5-year-old Dulce Maria Al...
252    256    <![CDATA[When 5-year-old Dulce Maria Al...
                             ...                        
5      256    <![CDATA[When 5-year-old Dulce Maria Al...
4      256    <![CDATA[When 5-year-old Dulce Maria Al...
3      256    <![CDATA[When 5-year-old Dulce Maria Al...
2      256    <![CDATA[When 5-year-old Dulce Maria Al...
1      256    <![CDATA[When 5-year-old Dulce Maria Al...
Name: description, Length: 256, dtype: object"
180,MURDERED: Heather Bogle, 22 Mar 2021 ,"256    256    <![CDATA[When 5-year-old Dulce Maria Al...
255    256    <![CDATA[When 5-year-old Dulce Maria Al...
254    256    <![CDATA[When 5-year-old Dulce Maria Al...
253    256    <![CDATA[When 5-year-old Dulce Maria Al...
252    256    <![CDATA[When 5-year-old Dulce Maria Al...
                             ...                        
5      256    <![CDATA[When 5-year-old Dulce Maria Al...
4      256    <![CDATA[When 5-year-old Dulce Maria Al...
3      256    <![CDATA[When 5-year-old Dulce Maria Al...
2      256    <![CDATA[When 5-year-old Dulce Maria Al...
1      256    <![CDATA[When 5-year-old Dulce Maria Al...
Name: description, Length: 256, dtype: object"
179,UNIDENTIFIED: St. Louis Doe // Beth Doe, 15 Mar 2021 ,"256    256    <![CDATA[When 5-year-old Dulce Maria Al...
255    256    <![CDATA[When 5-year-old Dulce Maria Al...
254    256    <![CDATA[When 5-year-old Dulce Maria Al...
253    256    <![CDATA[When 5-year-old Dulce Maria Al...
252    256    <![CDATA[When 5-year-old Dulce Maria Al...
                             ...                        
5      256    <![CDATA[When 5-year-old Dulce Maria Al...
4      256    <![CDATA[When 5-year-old Dulce Maria Al...
3      256    <![CDATA[When 5-year-old Dulce Maria Al...
2      256    <![CDATA[When 5-year-old Dulce Maria Al...
1      256    <![CDATA[When 5-year-old Dulce Maria Al...
Name: description, Length: 256, dtype: object"
178,SURVIVED: Elizabeth Smart, 8 Mar 2021 0,"256    256    <![CDATA[When 5-year-old Dulce Maria Al...
255    256    <![CDATA[When 5-year-old Dulce Maria Al...
254    256    <![CDATA[When 5-year-old Dulce Maria Al...
253    256    <![CDATA[When 5-year-old Dulce Maria Al...
252    256    <![CDATA[When 5-year-old Dulce Maria Al...
                             ...                        
5      256    <![CDATA[When 5-year-old Dulce Maria Al...
4      256    <![CDATA[When 5-year-old Dulce Maria Al...
3      256    <![CDATA[When 5-year-old Dulce Maria Al...
2      256    <![CDATA[When 5-year-old Dulce Maria Al...
1      256    <![CDATA[When 5-year-old Dulce Maria Al...
Name: description, Length: 256, dtype: object"
177,MURDERED: The Lundys Part 2, 1 Mar 2021 0,"256    256    <![CDATA[When 5-year-old Dulce Maria Al...
255    256    <![CDATA[When 5-year-old Dulce Maria Al...
254    256    <![CDATA[When 5-year-old Dulce Maria Al...
253    256    <![CDATA[When 5-year-old Dulce Maria Al...
252    256    <![CDATA[When 5-year-old Dulce Maria Al...
                             ...                        
5      256    <![CDATA[When 5-year-old Dulce Maria Al...
4      256    <![CDATA[When 5-year-old Dulce Maria Al...
3      256    <![CDATA[When 5-year-old Dulce Maria Al...
2      256    <![CDATA[When 5-year-old Dulce Maria Al...
1      256    <![CDATA[When 5-year-old Dulce Maria Al...
Name: description, Length: 256, dtype: object"
176,MURDERED: The Lundys Part 1, 22 Feb 2021 ,"256    256    <![CDATA[When 5-year-old Dulce Maria Al...
255    256    <![CDATA[When 5-year-old Dulce Maria Al...
254    256    <![CDATA[When 5-year-old Dulce Maria Al...
253    256    <![CDATA[When 5-year-old Dulce Maria Al...
252    256    <![CDATA[When 5-year-old Dulce Maria Al...
                             ...                        
5      256    <![CDATA[When 5-year-old Dulce Maria Al...
4      256    <![CDATA[When 5-year-old Dulce Maria Al...
3      256    <![CDATA[When 5-year-old Dulce Maria Al...
2      256    <![CDATA[When 5-year-old Dulce Maria Al...
1      256    <![CDATA[When 5-year-old Dulce Maria Al...
Name: description, Length: 256, dtype: object"
175,BWBRSA: Operation Fireball 2.0, 15 Feb 2021 ,"256    256    <![CDATA[When 5-year-old Dulce Maria Al...
255    256    <![CDATA[When 5-year-old Dulce Maria Al...
254    256    <![CDATA[When 5-year-old Dulce Maria Al...
253    256    <![CDATA[When 5-year-old Dulce Maria Al...
252    256    <![CDATA[When 5-year-old Dulce Maria Al...
                             ...                        
5      256    <![CDATA[When 5-year-old Dulce Maria Al...
4      256    <![CDATA[When 5-year-old Dulce Maria Al...
3      256    <![CDATA[When 5-year-old Dulce Maria Al...
2      256    <![CDATA[When 5-year-old Dulce Maria Al...
1      256    <![CDATA[When 5-year-old Dulce Maria Al...
Name: description, Length: 256, dtype: object"
174,MYSTERIOUS DEATH OF: Holly Bartlett, 8 Feb 2021 0,"256    256    <![CDATA[When 5-year-old Dulce Maria Al...
255    256    <![CDATA[When 5-year-old Dulce Maria Al...
254    256    <![CDATA[When 5-year-old Dulce Maria Al...
253    256    <![CDATA[When 5-year-old Dulce Maria Al...
252    256    <![CDATA[When 5-year-old Dulce Maria Al...
                             ...                        
5      256    <![CDATA[When 5-year-old Dulce Maria Al...
4      256    <![CDATA[When 5-year-old Dulce Maria Al...
3      256    <![CDATA[When 5-year-old Dulce Maria Al...
2      256    <![CDATA[When 5-year-old Dulce Maria Al...
1      256    <![CDATA[When 5-year-old Dulce Maria Al...
Name: description, Length: 256, dtype: object"
173,MISSING: Jaliek Rainwalker, 1 Feb 2021 0,"256    256    <![CDATA[When 5-year-old Dulce Maria Al...
255    256    <![CDATA[When 5-year-old Dulce Maria Al...
254    256    <![CDATA[When 5-year-old Dulce Maria Al...
253    256    <![CDATA[When 5-year-old Dulce Maria Al...
252    256    <![CDATA[When 5-year-old Dulce Maria Al...
                             ...                        
5      256    <![CDATA[When 5-year-old Dulce Maria Al...
4      256    <![CDATA[When 5-year-old Dulce Maria Al...
3      256    <![CDATA[When 5-year-old Dulce Maria Al...
2      256    <![CDATA[When 5-year-old Dulce Maria Al...
1      256    <![CDATA[When 5-year-old Dulce Maria Al...
Name: description, Length: 256, dtype: object"
172,NEW SHOW: Dark Arenas, 27 Jan 2021 ,"256    256    <![CDATA[When 5-year-old Dulce Maria Al...
255    256    <![CDATA[When 5-year-old Dulce Maria Al...
254    256    <![CDATA[When 5-year-old Dulce Maria Al...
253    256    <![CDATA[When 5-year-old Dulce Maria Al...
252    256    <![CDATA[When 5-year-old Dulce Maria Al...
                             ...                        
5      256    <![CDATA[When 5-year-old Dulce Maria Al...
4      256    <![CDATA[When 5-year-old Dulce Maria Al...
3      256    <![CDATA[When 5-year-old Dulce Maria Al...
2      256    <![CDATA[When 5-year-old Dulce Maria Al...
1      256    <![CDATA[When 5-year-old Dulce Maria Al...
Name: description, Length: 256, dtype: object"
171,MURDERED: Harvey and Jeannette Crewe, 25 Jan 2021 ,"256    256    <![CDATA[When 5-year-old Dulce Maria Al...
255    256    <![CDATA[When 5-year-old Dulce Maria Al...
254    256    <![CDATA[When 5-year-old Dulce Maria Al...
253    256    <![CDATA[When 5-year-old Dulce Maria Al...
252    256    <![CDATA[When 5-year-old Dulce Maria Al...
                             ...                        
5      256    <![CDATA[When 5-year-old Dulce Maria Al...
4      256    <![CDATA[When 5-year-old Dulce Maria Al...
3      256    <![CDATA[When 5-year-old Dulce Maria Al...
2      256    <![CDATA[When 5-year-old Dulce Maria Al...
1      256    <![CDATA[When 5-year-old Dulce Maria Al...
Name: description, Length: 256, dtype: object"
170,UPDATE: Sumter County Does - IDENTIFIED!!!, 21 Jan 2021 ,"256    256    <![CDATA[When 5-year-old Dulce Maria Al...
255    256    <![CDATA[When 5-year-old Dulce Maria Al...
254    256    <![CDATA[When 5-year-old Dulce Maria Al...
253    256    <![CDATA[When 5-year-old Dulce Maria Al...
252    256    <![CDATA[When 5-year-old Dulce Maria Al...
                             ...                        
5      256    <![CDATA[When 5-year-old Dulce Maria Al...
4      256    <![CDATA[When 5-year-old Dulce Maria Al...
3      256    <![CDATA[When 5-year-old Dulce Maria Al...
2      256    <![CDATA[When 5-year-old Dulce Maria Al...
1      256    <![CDATA[When 5-year-old Dulce Maria Al...
Name: description, Length: 256, dtype: object"
169,CAPTURED: Bay Area Predator, 18 Jan 2021 ,"256    256    <![CDATA[When 5-year-old Dulce Maria Al...
255    256    <![CDATA[When 5-year-old Dulce Maria Al...
254    256    <![CDATA[When 5-year-old Dulce Maria Al...
253    256    <![CDATA[When 5-year-old Dulce Maria Al...
252    256    <![CDATA[When 5-year-old Dulce Maria Al...
                             ...                        
5      256    <![CDATA[When 5-year-old Dulce Maria Al...
4      256    <![CDATA[When 5-year-old Dulce Maria Al...
3      256    <![CDATA[When 5-year-old Dulce Maria Al...
2      256    <![CDATA[When 5-year-old Dulce Maria Al...
1      256    <![CDATA[When 5-year-old Dulce Maria Al...
Name: description, Length: 256, dtype: object"
168,MISSING: Jeramy Burt, 11 Jan 2021 ,"256    256    <![CDATA[When 5-year-old Dulce Maria Al...
255    256    <![CDATA[When 5-year-old Dulce Maria Al...
254    256    <![CDATA[When 5-year-old Dulce Maria Al...
253    256    <![CDATA[When 5-year-old Dulce Maria Al...
252    256    <![CDATA[When 5-year-old Dulce Maria Al...
                             ...                        
5      256    <![CDATA[When 5-year-old Dulce Maria Al...
4      256    <![CDATA[When 5-year-old Dulce Maria Al...
3      256    <![CDATA[When 5-year-old Dulce Maria Al...
2      256    <![CDATA[When 5-year-old Dulce Maria Al...
1      256    <![CDATA[When 5-year-old Dulce Maria Al...
Name: description, Length: 256, dtype: object"
167,INFAMOUS: Las Cruces Bowling Alley Massacre, 4 Jan 2021 0,"256    256    <![CDATA[When 5-year-old Dulce Maria Al...
255    256    <![CDATA[When 5-year-old Dulce Maria Al...
254    256    <![CDATA[When 5-year-old Dulce Maria Al...
253    256    <![CDATA[When 5-year-old Dulce Maria Al...
252    256    <![CDATA[When 5-year-old Dulce Maria Al...
                             ...                        
5      256    <![CDATA[When 5-year-old Dulce Maria Al...
4      256    <![CDATA[When 5-year-old Dulce Maria Al...
3      256    <![CDATA[When 5-year-old Dulce Maria Al...
2      256    <![CDATA[When 5-year-old Dulce Maria Al...
1      256    <![CDATA[When 5-year-old Dulce Maria Al...
Name: description, Length: 256, dtype: object"
166,MURDERED: Gina Hall, 21 Dec 2020 ,"256    256    <![CDATA[When 5-year-old Dulce Maria Al...
255    256    <![CDATA[When 5-year-old Dulce Maria Al...
254    256    <![CDATA[When 5-year-old Dulce Maria Al...
253    256    <![CDATA[When 5-year-old Dulce Maria Al...
252    256    <![CDATA[When 5-year-old Dulce Maria Al...
                             ...                        
5      256    <![CDATA[When 5-year-old Dulce Maria Al...
4      256    <![CDATA[When 5-year-old Dulce Maria Al...
3      256    <![CDATA[When 5-year-old Dulce Maria Al...
2      256    <![CDATA[When 5-year-old Dulce Maria Al...
1      256    <![CDATA[When 5-year-old Dulce Maria Al...
Name: description, Length: 256, dtype: object"
165,AUDIO EXTRA: Bizarre Crime History, 18 Dec 2020 ,"256    256    <![CDATA[When 5-year-old Dulce Maria Al...
255    256    <![CDATA[When 5-year-old Dulce Maria Al...
254    256    <![CDATA[When 5-year-old Dulce Maria Al...
253    256    <![CDATA[When 5-year-old Dulce Maria Al...
252    256    <![CDATA[When 5-year-old Dulce Maria Al...
                             ...                        
5      256    <![CDATA[When 5-year-old Dulce Maria Al...
4      256    <![CDATA[When 5-year-old Dulce Maria Al...
3      256    <![CDATA[When 5-year-old Dulce Maria Al...
2      256    <![CDATA[When 5-year-old Dulce Maria Al...
1      256    <![CDATA[When 5-year-old Dulce Maria Al...
Name: description, Length: 256, dtype: object"
164,STALKED: Dorothy Jane Scott // Cynthia Jane Anderson, 14 Dec 2020 ,"256    256    <![CDATA[When 5-year-old Dulce Maria Al...
255    256    <![CDATA[When 5-year-old Dulce Maria Al...
254    256    <![CDATA[When 5-year-old Dulce Maria Al...
253    256    <![CDATA[When 5-year-old Dulce Maria Al...
252    256    <![CDATA[When 5-year-old Dulce Maria Al...
                             ...                        
5      256    <![CDATA[When 5-year-old Dulce Maria Al...
4      256    <![CDATA[When 5-year-old Dulce Maria Al...
3      256    <![CDATA[When 5-year-old Dulce Maria Al...
2      256    <![CDATA[When 5-year-old Dulce Maria Al...
1      256    <![CDATA[When 5-year-old Dulce Maria Al...
Name: description, Length: 256, dtype: object"
163,MURDERED: Girly Chew Hossencofft, 7 Dec 2020 0,"256    256    <![CDATA[When 5-year-old Dulce Maria Al...
255    256    <![CDATA[When 5-year-old Dulce Maria Al...
254    256    <![CDATA[When 5-year-old Dulce Maria Al...
253    256    <![CDATA[When 5-year-old Dulce Maria Al...
252    256    <![CDATA[When 5-year-old Dulce Maria Al...
                             ...                        
5      256    <![CDATA[When 5-year-old Dulce Maria Al...
4      256    <![CDATA[When 5-year-old Dulce Maria Al...
3      256    <![CDATA[When 5-year-old Dulce Maria Al...
2      256    <![CDATA[When 5-year-old Dulce Maria Al...
1      256    <![CDATA[When 5-year-old Dulce Maria Al...
Name: description, Length: 256, dtype: object"
162,BWBRSA: Operation Fireball, 4 Dec 2020 0,"256    256    <![CDATA[When 5-year-old Dulce Maria Al...
255    256    <![CDATA[When 5-year-old Dulce Maria Al...
254    256    <![CDATA[When 5-year-old Dulce Maria Al...
253    256    <![CDATA[When 5-year-old Dulce Maria Al...
252    256    <![CDATA[When 5-year-old Dulce Maria Al...
                             ...                        
5      256    <![CDATA[When 5-year-old Dulce Maria Al...
4      256    <![CDATA[When 5-year-old Dulce Maria Al...
3      256    <![CDATA[When 5-year-old Dulce Maria Al...
2      256    <![CDATA[When 5-year-old Dulce Maria Al...
1      256    <![CDATA[When 5-year-old Dulce Maria Al...
Name: description, Length: 256, dtype: object"
161,INFAMOUS: Manhole Murders, 30 Nov 2020 ,"256    256    <![CDATA[When 5-year-old Dulce Maria Al...
255    256    <![CDATA[When 5-year-old Dulce Maria Al...
254    256    <![CDATA[When 5-year-old Dulce Maria Al...
253    256    <![CDATA[When 5-year-old Dulce Maria Al...
252    256    <![CDATA[When 5-year-old Dulce Maria Al...
                             ...                        
5      256    <![CDATA[When 5-year-old Dulce Maria Al...
4      256    <![CDATA[When 5-year-old Dulce Maria Al...
3      256    <![CDATA[When 5-year-old Dulce Maria Al...
2      256    <![CDATA[When 5-year-old Dulce Maria Al...
1      256    <![CDATA[When 5-year-old Dulce Maria Al...
Name: description, Length: 256, dtype: object"
160,MURDERED: Madeleine McCann, 23 Nov 2020 ,"256    256    <![CDATA[When 5-year-old Dulce Maria Al...
255    256    <![CDATA[When 5-year-old Dulce Maria Al...
254    256    <![CDATA[When 5-year-old Dulce Maria Al...
253    256    <![CDATA[When 5-year-old Dulce Maria Al...
252    256    <![CDATA[When 5-year-old Dulce Maria Al...
                             ...                        
5      256    <![CDATA[When 5-year-old Dulce Maria Al...
4      256    <![CDATA[When 5-year-old Dulce Maria Al...
3      256    <![CDATA[When 5-year-old Dulce Maria Al...
2      256    <![CDATA[When 5-year-old Dulce Maria Al...
1      256    <![CDATA[When 5-year-old Dulce Maria Al...
Name: description, Length: 256, dtype: object"
159,MISSING: Leigh Occhi, 16 Nov 2020 ,"256    256    <![CDATA[When 5-year-old Dulce Maria Al...
255    256    <![CDATA[When 5-year-old Dulce Maria Al...
254    256    <![CDATA[When 5-year-old Dulce Maria Al...
253    256    <![CDATA[When 5-year-old Dulce Maria Al...
252    256    <![CDATA[When 5-year-old Dulce Maria Al...
                             ...                        
5      256    <![CDATA[When 5-year-old Dulce Maria Al...
4      256    <![CDATA[When 5-year-old Dulce Maria Al...
3      256    <![CDATA[When 5-year-old Dulce Maria Al...
2      256    <![CDATA[When 5-year-old Dulce Maria Al...
1      256    <![CDATA[When 5-year-old Dulce Maria Al...
Name: description, Length: 256, dtype: object"
158,CONSPIRACY: Fort Hood, 9 Nov 2020 0,"256    256    <![CDATA[When 5-year-old Dulce Maria Al...
255    256    <![CDATA[When 5-year-old Dulce Maria Al...
254    256    <![CDATA[When 5-year-old Dulce Maria Al...
253    256    <![CDATA[When 5-year-old Dulce Maria Al...
252    256    <![CDATA[When 5-year-old Dulce Maria Al...
                             ...                        
5      256    <![CDATA[When 5-year-old Dulce Maria Al...
4      256    <![CDATA[When 5-year-old Dulce Maria Al...
3      256    <![CDATA[When 5-year-old Dulce Maria Al...
2      256    <![CDATA[When 5-year-old Dulce Maria Al...
1      256    <![CDATA[When 5-year-old Dulce Maria Al...
Name: description, Length: 256, dtype: object"
157,MURDERED: Tamika Huston, 2 Nov 2020 0,"256    256    <![CDATA[When 5-year-old Dulce Maria Al...
255    256    <![CDATA[When 5-year-old Dulce Maria Al...
254    256    <![CDATA[When 5-year-old Dulce Maria Al...
253    256    <![CDATA[When 5-year-old Dulce Maria Al...
252    256    <![CDATA[When 5-year-old Dulce Maria Al...
                             ...                        
5      256    <![CDATA[When 5-year-old Dulce Maria Al...
4      256    <![CDATA[When 5-year-old Dulce Maria Al...
3      256    <![CDATA[When 5-year-old Dulce Maria Al...
2      256    <![CDATA[When 5-year-old Dulce Maria Al...
1      256    <![CDATA[When 5-year-old Dulce Maria Al...
Name: description, Length: 256, dtype: object"
